date,year,month,day,total_precip_mm,yday
2012-01-01,2012,01,01,1.4,1
2012-01-02,2012,01,02,0,2
2012-01-03,2012,01,03,0,3
2012-01-04,2012,01,04,1.2,4
2012-01-05,2012,01,05,2.8,5
2012-01-06,2012,01,06,1.8,6
2012-01-07,2012,01,07,2.4,7
2012-01-08,2012,01,08,0.4,8
2012-01-09,2012,01,09,0.2,9
2012-01-10,2012,01,10,0.6,10
2012-01-11,2012,01,11,0,11
2012-01-12,2012,01,12,10.2,12
2012-01-13,2012,01,13,13.6,13
2012-01-14,2012,01,14,0,14
2012-01-15,2012,01,15,0,15
2012-01-16,2012,01,16,0,16
2012-01-17,2012,01,17,10.6,17
2012-01-18,2012,01,18,0,18
2012-01-19,2012,01,19,0.6,19
2012-01-20,2012,01,20,0,20
2012-01-21,2012,01,21,0,21
2012-01-22,2012,01,22,0,22
2012-01-23,2012,01,23,4.4,23
2012-01-24,2012,01,24,0,24
2012-01-25,2012,01,25,0,25
2012-01-26,2012,01,26,2.2,26
2012-01-27,2012,01,27,12,27
2012-01-28,2012,01,28,1.8,28
2012-01-29,2012,01,29,0,29
2012-01-30,2012,01,30,0.2,30
2012-01-31,2012,01,31,5,31
2012-02-01,2012,02,01,0.6,32
2012-02-02,2012,02,02,0,33
2012-02-03,2012,02,03,0.2,34
2012-02-04,2012,02,04,0,35
2012-02-05,2012,02,05,0,36
2012-02-06,2012,02,06,0,37
2012-02-07,2012,02,07,0,38
2012-02-08,2012,02,08,0,39
2012-02-09,2012,02,09,0,40
2012-02-10,2012,02,10,0,41
2012-02-11,2012,02,11,0.2,42
2012-02-12,2012,02,12,0,43
2012-02-13,2012,02,13,0,44
2012-02-14,2012,02,14,0,45
2012-02-15,2012,02,15,0.6,46
2012-02-16,2012,02,16,2.2,47
2012-02-17,2012,02,17,0,48
2012-02-18,2012,02,18,0,49
2012-02-19,2012,02,19,0,50
2012-02-20,2012,02,20,0,51
2012-02-21,2012,02,21,0.2,52
2012-02-22,2012,02,22,0.2,53
2012-02-23,2012,02,23,0.2,54
2012-02-24,2012,02,24,9.2,55
2012-02-25,2012,02,25,1.6,56
2012-02-26,2012,02,26,0,57
2012-02-27,2012,02,27,2,58
2012-02-28,2012,02,28,0,59
2012-02-29,2012,02,29,1.8,60
2012-03-01,2012,03,01,5.4,61
2012-03-02,2012,03,02,0,62
2012-03-03,2012,03,03,3.6,63
2012-03-04,2012,03,04,0,64
2012-03-05,2012,03,05,0,65
2012-03-06,2012,03,06,0,66
2012-03-07,2012,03,07,0,67
2012-03-08,2012,03,08,5.6,68
2012-03-09,2012,03,09,3.6,69
2012-03-10,2012,03,10,0,70
2012-03-11,2012,03,11,0,71
2012-03-12,2012,03,12,0,72
2012-03-13,2012,03,13,3.4,73
2012-03-14,2012,03,14,2,74
2012-03-15,2012,03,15,7.6,75
2012-03-16,2012,03,16,9.4,76
2012-03-17,2012,03,17,0.6,77
2012-03-18,2012,03,18,0,78
2012-03-19,2012,03,19,0,79
2012-03-20,2012,03,20,0,80
2012-03-21,2012,03,21,0,81
2012-03-22,2012,03,22,0.2,82
2012-03-23,2012,03,23,0,83
2012-03-24,2012,03,24,0.2,84
2012-03-25,2012,03,25,2,85
2012-03-26,2012,03,26,0,86
2012-03-27,2012,03,27,0.2,87
2012-03-28,2012,03,28,1.8,88
2012-03-29,2012,03,29,0.2,89
2012-03-30,2012,03,30,0,90
2012-03-31,2012,03,31,0,91
2012-04-01,2012,04,01,2.6,92
2012-04-02,2012,04,02,0,93
2012-04-03,2012,04,03,0,94
2012-04-04,2012,04,04,1,95
2012-04-05,2012,04,05,0,96
2012-04-06,2012,04,06,0,97
2012-04-07,2012,04,07,0,98
2012-04-08,2012,04,08,0,99
2012-04-09,2012,04,09,2.6,100
2012-04-10,2012,04,10,1.2,101
2012-04-11,2012,04,11,1.4,102
2012-04-12,2012,04,12,0,103
2012-04-13,2012,04,13,0,104
2012-04-14,2012,04,14,0,105
2012-04-15,2012,04,15,0,106
2012-04-16,2012,04,16,2,107
2012-04-17,2012,04,17,0,108
2012-04-18,2012,04,18,0,109
2012-04-19,2012,04,19,0,110
2012-04-20,2012,04,20,1.8,111
2012-04-21,2012,04,21,10.4,112
2012-04-22,2012,04,22,0.6,113
2012-04-23,2012,04,23,17.4,114
2012-04-24,2012,04,24,3.4,115
2012-04-25,2012,04,25,0,116
2012-04-26,2012,04,26,3.2,117
2012-04-27,2012,04,27,0,118
2012-04-28,2012,04,28,0,119
2012-04-29,2012,04,29,0,120
2012-04-30,2012,04,30,0.2,121
2012-05-01,2012,05,01,2.4,122
2012-05-02,2012,05,02,NA,123
2012-05-03,2012,05,03,4.6,124
2012-05-04,2012,05,04,1.2,125
2012-05-05,2012,05,05,0,126
2012-05-06,2012,05,06,0,127
2012-05-07,2012,05,07,0.8,128
2012-05-08,2012,05,08,16,129
2012-05-09,2012,05,09,16,130
2012-05-10,2012,05,10,0.8,131
2012-05-11,2012,05,11,0,132
2012-05-12,2012,05,12,0,133
2012-05-13,2012,05,13,6.8,134
2012-05-14,2012,05,14,0,135
2012-05-15,2012,05,15,0,136
2012-05-16,2012,05,16,1,137
2012-05-17,2012,05,17,0,138
2012-05-18,2012,05,18,0,139
2012-05-19,2012,05,19,0,140
2012-05-20,2012,05,20,0,141
2012-05-21,2012,05,21,0,142
2012-05-22,2012,05,22,11,143
2012-05-23,2012,05,23,0,144
2012-05-24,2012,05,24,0,145
2012-05-25,2012,05,25,5,146
2012-05-26,2012,05,26,0,147
2012-05-27,2012,05,27,0,148
2012-05-28,2012,05,28,0,149
2012-05-29,2012,05,29,3,150
2012-05-30,2012,05,30,0,151
2012-05-31,2012,05,31,0,152
2012-06-01,2012,06,01,14.8,153
2012-06-02,2012,06,02,3.8,154
2012-06-03,2012,06,03,3.4,155
2012-06-04,2012,06,04,0.2,156
2012-06-05,2012,06,05,4,157
2012-06-06,2012,06,06,0.6,158
2012-06-07,2012,06,07,2.6,159
2012-06-08,2012,06,08,0.8,160
2012-06-09,2012,06,09,0,161
2012-06-10,2012,06,10,0,162
2012-06-11,2012,06,11,0,163
2012-06-12,2012,06,12,8,164
2012-06-13,2012,06,13,0,165
2012-06-14,2012,06,14,0,166
2012-06-15,2012,06,15,0,167
2012-06-16,2012,06,16,0,168
2012-06-17,2012,06,17,0,169
2012-06-18,2012,06,18,0,170
2012-06-19,2012,06,19,6.2,171
2012-06-20,2012,06,20,0,172
2012-06-21,2012,06,21,0,173
2012-06-22,2012,06,22,0,174
2012-06-23,2012,06,23,0,175
2012-06-24,2012,06,24,11.2,176
2012-06-25,2012,06,25,6.2,177
2012-06-26,2012,06,26,0.2,178
2012-06-27,2012,06,27,0,179
2012-06-28,2012,06,28,0,180
2012-06-29,2012,06,29,0,181
2012-06-30,2012,06,30,0,182
2012-07-01,2012,07,01,0,183
2012-07-02,2012,07,02,0,184
2012-07-03,2012,07,03,0.4,185
2012-07-04,2012,07,04,0,186
2012-07-05,2012,07,05,0,187
2012-07-06,2012,07,06,0,188
2012-07-07,2012,07,07,0,189
2012-07-08,2012,07,08,0,190
2012-07-09,2012,07,09,0,191
2012-07-10,2012,07,10,0,192
2012-07-11,2012,07,11,0,193
2012-07-12,2012,07,12,0,194
2012-07-13,2012,07,13,0,195
2012-07-14,2012,07,14,0,196
2012-07-15,2012,07,15,0,197
2012-07-16,2012,07,16,0,198
2012-07-17,2012,07,17,1.2,199
2012-07-18,2012,07,18,0,200
2012-07-19,2012,07,19,0,201
2012-07-20,2012,07,20,0,202
2012-07-21,2012,07,21,0,203
2012-07-22,2012,07,22,0,204
2012-07-23,2012,07,23,13,205
2012-07-24,2012,07,24,0,206
2012-07-25,2012,07,25,0,207
2012-07-26,2012,07,26,0.2,208
2012-07-27,2012,07,27,0,209
2012-07-28,2012,07,28,0,210
2012-07-29,2012,07,29,0,211
2012-07-30,2012,07,30,0,212
2012-07-31,2012,07,31,4.6,213
2012-08-01,2012,08,01,0,214
2012-08-02,2012,08,02,0,215
2012-08-03,2012,08,03,0,216
2012-08-04,2012,08,04,0,217
2012-08-05,2012,08,05,1.8,218
2012-08-06,2012,08,06,0,219
2012-08-07,2012,08,07,8.6,220
2012-08-08,2012,08,08,14.6,221
2012-08-09,2012,08,09,3,222
2012-08-10,2012,08,10,27.2,223
2012-08-11,2012,08,11,4.2,224
2012-08-12,2012,08,12,4.8,225
2012-08-13,2012,08,13,0,226
2012-08-14,2012,08,14,1.2,227
2012-08-15,2012,08,15,2.8,228
2012-08-16,2012,08,16,0,229
2012-08-17,2012,08,17,0.4,230
2012-08-18,2012,08,18,0,231
2012-08-19,2012,08,19,8,232
2012-08-20,2012,08,20,0,233
2012-08-21,2012,08,21,1,234
2012-08-22,2012,08,22,0,235
2012-08-23,2012,08,23,0,236
2012-08-24,2012,08,24,0,237
2012-08-25,2012,08,25,0,238
2012-08-26,2012,08,26,0,239
2012-08-27,2012,08,27,0.6,240
2012-08-28,2012,08,28,0,241
2012-08-29,2012,08,29,0,242
2012-08-30,2012,08,30,0,243
2012-08-31,2012,08,31,1.8,244
2012-09-01,2012,09,01,0,245
2012-09-02,2012,09,02,0,246
2012-09-03,2012,09,03,0,247
2012-09-04,2012,09,04,15.2,248
2012-09-05,2012,09,05,0,249
2012-09-06,2012,09,06,0.6,250
2012-09-07,2012,09,07,2.8,251
2012-09-08,2012,09,08,34.6,252
2012-09-09,2012,09,09,0,253
2012-09-10,2012,09,10,0,254
2012-09-11,2012,09,11,0,255
2012-09-12,2012,09,12,0,256
2012-09-13,2012,09,13,0,257
2012-09-14,2012,09,14,11.8,258
2012-09-15,2012,09,15,2.8,259
2012-09-16,2012,09,16,0,260
2012-09-17,2012,09,17,0,261
2012-09-18,2012,09,18,45.4,262
2012-09-19,2012,09,19,0,263
2012-09-20,2012,09,20,0,264
2012-09-21,2012,09,21,10.6,265
2012-09-22,2012,09,22,2.4,266
2012-09-23,2012,09,23,0,267
2012-09-24,2012,09,24,0,268
2012-09-25,2012,09,25,0.6,269
2012-09-26,2012,09,26,0,270
2012-09-27,2012,09,27,0,271
2012-09-28,2012,09,28,0,272
2012-09-29,2012,09,29,0,273
2012-09-30,2012,09,30,17.2,274
2012-10-01,2012,10,01,1.2,275
2012-10-02,2012,10,02,0,276
2012-10-03,2012,10,03,NA,277
2012-10-04,2012,10,04,0,278
2012-10-05,2012,10,05,0.6,279
2012-10-06,2012,10,06,11.6,280
2012-10-07,2012,10,07,0,281
2012-10-08,2012,10,08,0,282
2012-10-09,2012,10,09,0,283
2012-10-10,2012,10,10,3.6,284
2012-10-11,2012,10,11,NA,285
2012-10-12,2012,10,12,0,286
2012-10-13,2012,10,13,10,287
2012-10-14,2012,10,14,14.6,288
2012-10-15,2012,10,15,0,289
2012-10-16,2012,10,16,0,290
2012-10-17,2012,10,17,0,291
2012-10-18,2012,10,18,0,292
2012-10-19,2012,10,19,5,293
2012-10-20,2012,10,20,0.8,294
2012-10-21,2012,10,21,0,295
2012-10-22,2012,10,22,0,296
2012-10-23,2012,10,23,0,297
2012-10-24,2012,10,24,0,298
2012-10-25,2012,10,25,0,299
2012-10-26,2012,10,26,0,300
2012-10-27,2012,10,27,2.4,301
2012-10-28,2012,10,28,0.6,302
2012-10-29,2012,10,29,0.4,303
2012-10-30,2012,10,30,0.6,304
2012-10-31,2012,10,31,4.6,305
2012-11-01,2012,11,01,4,306
2012-11-02,2012,11,02,1,307
2012-11-03,2012,11,03,0.2,308
2012-11-04,2012,11,04,0,309
2012-11-05,2012,11,05,0,310
2012-11-06,2012,11,06,0,311
2012-11-07,2012,11,07,0,312
2012-11-08,2012,11,08,0,313
2012-11-09,2012,11,09,0,314
2012-11-10,2012,11,10,0,315
2012-11-11,2012,11,11,4.6,316
2012-11-12,2012,11,12,3.6,317
2012-11-13,2012,11,13,0.6,318
2012-11-14,2012,11,14,0,319
2012-11-15,2012,11,15,0,320
2012-11-16,2012,11,16,0,321
2012-11-17,2012,11,17,0,322
2012-11-18,2012,11,18,0,323
2012-11-19,2012,11,19,0,324
2012-11-20,2012,11,20,0,325
2012-11-21,2012,11,21,0,326
2012-11-22,2012,11,22,0,327
2012-11-23,2012,11,23,1.6,328
2012-11-24,2012,11,24,0,329
2012-11-25,2012,11,25,0,330
2012-11-26,2012,11,26,2.2,331
2012-11-27,2012,11,27,0,332
2012-11-28,2012,11,28,0,333
2012-11-29,2012,11,29,0.2,334
2012-11-30,2012,11,30,0,335
2012-12-01,2012,12,01,0,336
2012-12-02,2012,12,02,NA,337
2012-12-03,2012,12,03,0,338
2012-12-04,2012,12,04,4.8,339
2012-12-05,2012,12,05,NA,340
2012-12-06,2012,12,06,0,341
2012-12-07,2012,12,07,1.8,342
2012-12-08,2012,12,08,4.6,343
2012-12-09,2012,12,09,2.6,344
2012-12-10,2012,12,10,8,345
2012-12-11,2012,12,11,0,346
2012-12-12,2012,12,12,0,347
2012-12-13,2012,12,13,0,348
2012-12-14,2012,12,14,0,349
2012-12-15,2012,12,15,0,350
2012-12-16,2012,12,16,3.6,351
2012-12-17,2012,12,17,5.8,352
2012-12-18,2012,12,18,24.8,353
2012-12-19,2012,12,19,0,354
2012-12-20,2012,12,20,4.6,355
2012-12-21,2012,12,21,33.6,356
2012-12-22,2012,12,22,6,357
2012-12-23,2012,12,23,0.4,358
2012-12-24,2012,12,24,0,359
2012-12-25,2012,12,25,0,360
2012-12-26,2012,12,26,0,361
2012-12-27,2012,12,27,13,362
2012-12-28,2012,12,28,0,363
2012-12-29,2012,12,29,7.4,364
2012-12-30,2012,12,30,1.4,365
2012-12-31,2012,12,31,0.4,366
2013-01-01,2013,01,01,0.2,1
2013-01-02,2013,01,02,0.4,2
2013-01-03,2013,01,03,1.2,3
2013-01-04,2013,01,04,0.2,4
2013-01-05,2013,01,05,0,5
2013-01-06,2013,01,06,8.4,6
2013-01-07,2013,01,07,0,7
2013-01-08,2013,01,08,0,8
2013-01-09,2013,01,09,0.4,9
2013-01-10,2013,01,10,0,10
2013-01-11,2013,01,11,2.4,11
2013-01-12,2013,01,12,0,12
2013-01-13,2013,01,13,5.6,13
2013-01-14,2013,01,14,3,14
2013-01-15,2013,01,15,0,15
2013-01-16,2013,01,16,0,16
2013-01-17,2013,01,17,0.6,17
2013-01-18,2013,01,18,2.2,18
2013-01-19,2013,01,19,10,19
2013-01-20,2013,01,20,2.2,20
2013-01-21,2013,01,21,0,21
2013-01-22,2013,01,22,0.2,22
2013-01-23,2013,01,23,0,23
2013-01-24,2013,01,24,0,24
2013-01-25,2013,01,25,0,25
2013-01-26,2013,01,26,0,26
2013-01-27,2013,01,27,0,27
2013-01-28,2013,01,28,8.2,28
2013-01-29,2013,01,29,4.4,29
2013-01-30,2013,01,30,1.8,30
2013-01-31,2013,01,31,9.4,31
2013-02-01,2013,02,01,0,32
2013-02-02,2013,02,02,0.8,33
2013-02-03,2013,02,03,0.8,34
2013-02-04,2013,02,04,0,35
2013-02-05,2013,02,05,0.4,36
2013-02-06,2013,02,06,0,37
2013-02-07,2013,02,07,0.2,38
2013-02-08,2013,02,08,13.6,39
2013-02-09,2013,02,09,0,40
2013-02-10,2013,02,10,0,41
2013-02-11,2013,02,11,2.4,42
2013-02-12,2013,02,12,0.8,43
2013-02-13,2013,02,13,0,44
2013-02-14,2013,02,14,0.8,45
2013-02-15,2013,02,15,2.2,46
2013-02-16,2013,02,16,0,47
2013-02-17,2013,02,17,0,48
2013-02-18,2013,02,18,0,49
2013-02-19,2013,02,19,3.8,50
2013-02-20,2013,02,20,3.8,51
2013-02-21,2013,02,21,0,52
2013-02-22,2013,02,22,0,53
2013-02-23,2013,02,23,1.6,54
2013-02-24,2013,02,24,0,55
2013-02-25,2013,02,25,0.4,56
2013-02-26,2013,02,26,0,57
2013-02-27,2013,02,27,25,58
2013-02-28,2013,02,28,3,59
2013-03-01,2013,03,01,NA,60
2013-03-02,2013,03,02,0.4,61
2013-03-03,2013,03,03,0,62
2013-03-04,2013,03,04,0,63
2013-03-05,2013,03,05,0.6,64
2013-03-06,2013,03,06,0,65
2013-03-07,2013,03,07,0.2,66
2013-03-08,2013,03,08,0,67
2013-03-09,2013,03,09,0,68
2013-03-10,2013,03,10,0,69
2013-03-11,2013,03,11,0.6,70
2013-03-12,2013,03,12,1.8,71
2013-03-13,2013,03,13,2.2,72
2013-03-14,2013,03,14,0,73
2013-03-15,2013,03,15,2.4,74
2013-03-16,2013,03,16,0,75
2013-03-17,2013,03,17,0,76
2013-03-18,2013,03,18,1.6,77
2013-03-19,2013,03,19,8.4,78
2013-03-20,2013,03,20,0.6,79
2013-03-21,2013,03,21,0.4,80
2013-03-22,2013,03,22,0.2,81
2013-03-23,2013,03,23,0,82
2013-03-24,2013,03,24,0,83
2013-03-25,2013,03,25,0,84
2013-03-26,2013,03,26,0,85
2013-03-27,2013,03,27,0,86
2013-03-28,2013,03,28,0.4,87
2013-03-29,2013,03,29,0,88
2013-03-30,2013,03,30,0,89
2013-03-31,2013,03,31,NA,90
2013-04-01,2013,04,01,NA,91
2013-04-02,2013,04,02,NA,92
2013-04-03,2013,04,03,0,93
2013-04-04,2013,04,04,NA,94
2013-04-05,2013,04,05,1.6,95
2013-04-06,2013,04,06,0,96
2013-04-07,2013,04,07,NA,97
2013-04-08,2013,04,08,10.2,98
2013-04-09,2013,04,09,NA,99
2013-04-10,2013,04,10,0,100
2013-04-11,2013,04,11,0,101
2013-04-12,2013,04,12,13,102
2013-04-13,2013,04,13,0.4,103
2013-04-14,2013,04,14,NA,104
2013-04-15,2013,04,15,0,105
2013-04-16,2013,04,16,3.2,106
2013-04-17,2013,04,17,0,107
2013-04-18,2013,04,18,5,108
2013-04-19,2013,04,19,4.4,109
2013-04-20,2013,04,20,1.8,110
2013-04-21,2013,04,21,0,111
2013-04-22,2013,04,22,0,112
2013-04-23,2013,04,23,0,113
2013-04-24,2013,04,24,5.6,114
2013-04-25,2013,04,25,0.2,115
2013-04-26,2013,04,26,2,116
2013-04-27,2013,04,27,0.2,117
2013-04-28,2013,04,28,0,118
2013-04-29,2013,04,29,0.2,119
2013-04-30,2013,04,30,NA,120
2013-05-01,2013,05,01,0,121
2013-05-02,2013,05,02,0,122
2013-05-03,2013,05,03,0,123
2013-05-04,2013,05,04,0,124
2013-05-05,2013,05,05,0,125
2013-05-06,2013,05,06,0,126
2013-05-07,2013,05,07,0,127
2013-05-08,2013,05,08,0.4,128
2013-05-09,2013,05,09,0,129
2013-05-10,2013,05,10,10.8,130
2013-05-11,2013,05,11,NA,131
2013-05-12,2013,05,12,1.4,132
2013-05-13,2013,05,13,0,133
2013-05-14,2013,05,14,0,134
2013-05-15,2013,05,15,3.6,135
2013-05-16,2013,05,16,0,136
2013-05-17,2013,05,17,0,137
2013-05-18,2013,05,18,0,138
2013-05-19,2013,05,19,2.2,139
2013-05-20,2013,05,20,0.4,140
2013-05-21,2013,05,21,22.8,141
2013-05-22,2013,05,22,25.6,142
2013-05-23,2013,05,23,4.4,143
2013-05-24,2013,05,24,NA,144
2013-05-25,2013,05,25,0,145
2013-05-26,2013,05,26,0,146
2013-05-27,2013,05,27,0,147
2013-05-28,2013,05,28,0.2,148
2013-05-29,2013,05,29,6.6,149
2013-05-30,2013,05,30,0,150
2013-05-31,2013,05,31,0,151
2013-06-01,2013,06,01,7.8,152
2013-06-02,2013,06,02,5.2,153
2013-06-03,2013,06,03,0,154
2013-06-04,2013,06,04,0,155
2013-06-05,2013,06,05,0,156
2013-06-06,2013,06,06,19.8,157
2013-06-07,2013,06,07,13.6,158
2013-06-08,2013,06,08,0.2,159
2013-06-09,2013,06,09,0,160
2013-06-10,2013,06,10,4.4,161
2013-06-11,2013,06,11,30.8,162
2013-06-12,2013,06,12,0.4,163
2013-06-13,2013,06,13,0,164
2013-06-14,2013,06,14,0,165
2013-06-15,2013,06,15,0,166
2013-06-16,2013,06,16,22,167
2013-06-17,2013,06,17,NA,168
2013-06-18,2013,06,18,0,169
2013-06-19,2013,06,19,0,170
2013-06-20,2013,06,20,0,171
2013-06-21,2013,06,21,0,172
2013-06-22,2013,06,22,2.4,173
2013-06-23,2013,06,23,7.2,174
2013-06-24,2013,06,24,3.8,175
2013-06-25,2013,06,25,4,176
2013-06-26,2013,06,26,0,177
2013-06-27,2013,06,27,0,178
2013-06-28,2013,06,28,NA,179
2013-06-29,2013,06,29,0.4,180
2013-06-30,2013,06,30,0,181
2013-07-01,2013,07,01,0,182
2013-07-02,2013,07,02,0,183
2013-07-03,2013,07,03,0,184
2013-07-04,2013,07,04,0,185
2013-07-05,2013,07,05,0.8,186
2013-07-06,2013,07,06,0,187
2013-07-07,2013,07,07,NA,188
2013-07-08,2013,07,08,0,189
2013-07-09,2013,07,09,0,190
2013-07-10,2013,07,10,2.4,191
2013-07-11,2013,07,11,0,192
2013-07-12,2013,07,12,0,193
2013-07-13,2013,07,13,0,194
2013-07-14,2013,07,14,0,195
2013-07-15,2013,07,15,0,196
2013-07-16,2013,07,16,0,197
2013-07-17,2013,07,17,0.8,198
2013-07-18,2013,07,18,1.4,199
2013-07-19,2013,07,19,42.6,200
2013-07-20,2013,07,20,0,201
2013-07-21,2013,07,21,0,202
2013-07-22,2013,07,22,0,203
2013-07-23,2013,07,23,3.4,204
2013-07-24,2013,07,24,0,205
2013-07-25,2013,07,25,0,206
2013-07-26,2013,07,26,0,207
2013-07-27,2013,07,27,5,208
2013-07-28,2013,07,28,2.6,209
2013-07-29,2013,07,29,2,210
2013-07-30,2013,07,30,0,211
2013-07-31,2013,07,31,0,212
2013-08-01,2013,08,01,21,213
2013-08-02,2013,08,02,0.6,214
2013-08-03,2013,08,03,0,215
2013-08-04,2013,08,04,1.8,216
2013-08-05,2013,08,05,0,217
2013-08-06,2013,08,06,0,218
2013-08-07,2013,08,07,4,219
2013-08-08,2013,08,08,0,220
2013-08-09,2013,08,09,0,221
2013-08-10,2013,08,10,0,222
2013-08-11,2013,08,11,0,223
2013-08-12,2013,08,12,7,224
2013-08-13,2013,08,13,8.4,225
2013-08-14,2013,08,14,2.4,226
2013-08-15,2013,08,15,0,227
2013-08-16,2013,08,16,0,228
2013-08-17,2013,08,17,0,229
2013-08-18,2013,08,18,0,230
2013-08-19,2013,08,19,0,231
2013-08-20,2013,08,20,0,232
2013-08-21,2013,08,21,0,233
2013-08-22,2013,08,22,8.6,234
2013-08-23,2013,08,23,0,235
2013-08-24,2013,08,24,0,236
2013-08-25,2013,08,25,2,237
2013-08-26,2013,08,26,1,238
2013-08-27,2013,08,27,0,239
2013-08-28,2013,08,28,0,240
2013-08-29,2013,08,29,0,241
2013-08-30,2013,08,30,21.2,242
2013-08-31,2013,08,31,0,243
2013-09-01,2013,09,01,0.4,244
2013-09-02,2013,09,02,8.6,245
2013-09-03,2013,09,03,0,246
2013-09-04,2013,09,04,0.2,247
2013-09-05,2013,09,05,0,248
2013-09-06,2013,09,06,0,249
2013-09-07,2013,09,07,4.4,250
2013-09-08,2013,09,08,0,251
2013-09-09,2013,09,09,0,252
2013-09-10,2013,09,10,8.6,253
2013-09-11,2013,09,11,8.4,254
2013-09-12,2013,09,12,13.8,255
2013-09-13,2013,09,13,0,256
2013-09-14,2013,09,14,0,257
2013-09-15,2013,09,15,5.2,258
2013-09-16,2013,09,16,0.6,259
2013-09-17,2013,09,17,0,260
2013-09-18,2013,09,18,0,261
2013-09-19,2013,09,19,0,262
2013-09-20,2013,09,20,0,263
2013-09-21,2013,09,21,29.8,264
2013-09-22,2013,09,22,0.6,265
2013-09-23,2013,09,23,0,266
2013-09-24,2013,09,24,0,267
2013-09-25,2013,09,25,0,268
2013-09-26,2013,09,26,0,269
2013-09-27,2013,09,27,0,270
2013-09-28,2013,09,28,0,271
2013-09-29,2013,09,29,0,272
2013-09-30,2013,09,30,0,273
2013-10-01,2013,10,01,0,274
2013-10-02,2013,10,02,0,275
2013-10-03,2013,10,03,0,276
2013-10-04,2013,10,04,1.8,277
2013-10-05,2013,10,05,0,278
2013-10-06,2013,10,06,5.4,279
2013-10-07,2013,10,07,18.2,280
2013-10-08,2013,10,08,0,281
2013-10-09,2013,10,09,0,282
2013-10-10,2013,10,10,0,283
2013-10-11,2013,10,11,0,284
2013-10-12,2013,10,12,0,285
2013-10-13,2013,10,13,7,286
2013-10-14,2013,10,14,5,287
2013-10-15,2013,10,15,0,288
2013-10-16,2013,10,16,6.2,289
2013-10-17,2013,10,17,7,290
2013-10-18,2013,10,18,3,291
2013-10-19,2013,10,19,9.8,292
2013-10-20,2013,10,20,0,293
2013-10-21,2013,10,21,1.8,294
2013-10-22,2013,10,22,2,295
2013-10-23,2013,10,23,0,296
2013-10-24,2013,10,24,0,297
2013-10-25,2013,10,25,0,298
2013-10-26,2013,10,26,4.2,299
2013-10-27,2013,10,27,0,300
2013-10-28,2013,10,28,0.6,301
2013-10-29,2013,10,29,0,302
2013-10-30,2013,10,30,NA,303
2013-10-31,2013,10,31,NA,304
2013-11-01,2013,11,01,3.4,305
2013-11-02,2013,11,02,0.8,306
2013-11-03,2013,11,03,0,307
2013-11-04,2013,11,04,0,308
2013-11-05,2013,11,05,0,309
2013-11-06,2013,11,06,0.2,310
2013-11-07,2013,11,07,2,311
2013-11-08,2013,11,08,0,312
2013-11-09,2013,11,09,5,313
2013-11-10,2013,11,10,11.6,314
2013-11-11,2013,11,11,2.4,315
2013-11-12,2013,11,12,0,316
2013-11-13,2013,11,13,0,317
2013-11-14,2013,11,14,0,318
2013-11-15,2013,11,15,0,319
2013-11-16,2013,11,16,0,320
2013-11-17,2013,11,17,2.6,321
2013-11-18,2013,11,18,3.8,322
2013-11-19,2013,11,19,0,323
2013-11-20,2013,11,20,0,324
2013-11-21,2013,11,21,0,325
2013-11-22,2013,11,22,6,326
2013-11-23,2013,11,23,1.8,327
2013-11-24,2013,11,24,0,328
2013-11-25,2013,11,25,0,329
2013-11-26,2013,11,26,6.4,330
2013-11-27,2013,11,27,10.6,331
2013-11-28,2013,11,28,0,332
2013-11-29,2013,11,29,0,333
2013-11-30,2013,11,30,0,334
2013-12-01,2013,12,01,3.4,335
2013-12-02,2013,12,02,0.2,336
2013-12-03,2013,12,03,0,337
2013-12-04,2013,12,04,0.4,338
2013-12-05,2013,12,05,0.6,339
2013-12-06,2013,12,06,0,340
2013-12-07,2013,12,07,0,341
2013-12-08,2013,12,08,0,342
2013-12-09,2013,12,09,3.8,343
2013-12-10,2013,12,10,1.6,344
2013-12-11,2013,12,11,0,345
2013-12-12,2013,12,12,0,346
2013-12-13,2013,12,13,0,347
2013-12-14,2013,12,14,3.4,348
2013-12-15,2013,12,15,6,349
2013-12-16,2013,12,16,0,350
2013-12-17,2013,12,17,0.6,351
2013-12-18,2013,12,18,0,352
2013-12-19,2013,12,19,0.8,353
2013-12-20,2013,12,20,13,354
2013-12-21,2013,12,21,8.2,355
2013-12-22,2013,12,22,13.2,356
2013-12-23,2013,12,23,0.2,357
2013-12-24,2013,12,24,0,358
2013-12-25,2013,12,25,0,359
2013-12-26,2013,12,26,1.8,360
2013-12-27,2013,12,27,0,361
2013-12-28,2013,12,28,0,362
2013-12-29,2013,12,29,0.2,363
2013-12-30,2013,12,30,0,364
2013-12-31,2013,12,31,1,365
2014-01-01,2014,01,01,0,1
2014-01-02,2014,01,02,0.4,2
2014-01-03,2014,01,03,0,3
2014-01-04,2014,01,04,0.4,4
2014-01-05,2014,01,05,9.6,5
2014-01-06,2014,01,06,8.4,6
2014-01-07,2014,01,07,0,7
2014-01-08,2014,01,08,0,8
2014-01-09,2014,01,09,0,9
2014-01-10,2014,01,10,0.2,10
2014-01-11,2014,01,11,7.6,11
2014-01-12,2014,01,12,0.2,12
2014-01-13,2014,01,13,0.4,13
2014-01-14,2014,01,14,1,14
2014-01-15,2014,01,15,0,15
2014-01-16,2014,01,16,0,16
2014-01-17,2014,01,17,0.4,17
2014-01-18,2014,01,18,1.2,18
2014-01-19,2014,01,19,2.2,19
2014-01-20,2014,01,20,0.2,20
2014-01-21,2014,01,21,0,21
2014-01-22,2014,01,22,0,22
2014-01-23,2014,01,23,0,23
2014-01-24,2014,01,24,0,24
2014-01-25,2014,01,25,2.2,25
2014-01-26,2014,01,26,1,26
2014-01-27,2014,01,27,4.8,27
2014-01-28,2014,01,28,0,28
2014-01-29,2014,01,29,0.2,29
2014-01-30,2014,01,30,0,30
2014-01-31,2014,01,31,0,31
2014-02-01,2014,02,01,16,32
2014-02-02,2014,02,02,2.2,33
2014-02-03,2014,02,03,0,34
2014-02-04,2014,02,04,0,35
2014-02-05,2014,02,05,1.8,36
2014-02-06,2014,02,06,0,37
2014-02-07,2014,02,07,0,38
2014-02-08,2014,02,08,0,39
2014-02-09,2014,02,09,1,40
2014-02-10,2014,02,10,0,41
2014-02-11,2014,02,11,0,42
2014-02-12,2014,02,12,0,43
2014-02-13,2014,02,13,0.2,44
2014-02-14,2014,02,14,5,45
2014-02-15,2014,02,15,0,46
2014-02-16,2014,02,16,0,47
2014-02-17,2014,02,17,0,48
2014-02-18,2014,02,18,2,49
2014-02-19,2014,02,19,0,50
2014-02-20,2014,02,20,0,51
2014-02-21,2014,02,21,21.4,52
2014-02-22,2014,02,22,0,53
2014-02-23,2014,02,23,0,54
2014-02-24,2014,02,24,0.2,55
2014-02-25,2014,02,25,0,56
2014-02-26,2014,02,26,0,57
2014-02-27,2014,02,27,2.6,58
2014-02-28,2014,02,28,0,59
2014-03-01,2014,03,01,5.8,60
2014-03-02,2014,03,02,0.2,61
2014-03-03,2014,03,03,0,62
2014-03-04,2014,03,04,1,63
2014-03-05,2014,03,05,0.2,64
2014-03-06,2014,03,06,0,65
2014-03-07,2014,03,07,0,66
2014-03-08,2014,03,08,0,67
2014-03-09,2014,03,09,1,68
2014-03-10,2014,03,10,3.4,69
2014-03-11,2014,03,11,0,70
2014-03-12,2014,03,12,6.4,71
2014-03-13,2014,03,13,0,72
2014-03-14,2014,03,14,0,73
2014-03-15,2014,03,15,0.2,74
2014-03-16,2014,03,16,0,75
2014-03-17,2014,03,17,0,76
2014-03-18,2014,03,18,0,77
2014-03-19,2014,03,19,5,78
2014-03-20,2014,03,20,3.4,79
2014-03-21,2014,03,21,0,80
2014-03-22,2014,03,22,5.6,81
2014-03-23,2014,03,23,0,82
2014-03-24,2014,03,24,0,83
2014-03-25,2014,03,25,0,84
2014-03-26,2014,03,26,0,85
2014-03-27,2014,03,27,0,86
2014-03-28,2014,03,28,6.2,87
2014-03-29,2014,03,29,0,88
2014-03-30,2014,03,30,5,89
2014-03-31,2014,03,31,0,90
2014-04-01,2014,04,01,0,91
2014-04-02,2014,04,02,0,92
2014-04-03,2014,04,03,0,93
2014-04-04,2014,04,04,7,94
2014-04-05,2014,04,05,0,95
2014-04-06,2014,04,06,0,96
2014-04-07,2014,04,07,6.8,97
2014-04-08,2014,04,08,16.6,98
2014-04-09,2014,04,09,0,99
2014-04-10,2014,04,10,2.8,100
2014-04-11,2014,04,11,0,101
2014-04-12,2014,04,12,NA,102
2014-04-13,2014,04,13,17.4,103
2014-04-14,2014,04,14,5,104
2014-04-15,2014,04,15,13,105
2014-04-16,2014,04,16,0,106
2014-04-17,2014,04,17,0,107
2014-04-18,2014,04,18,0.6,108
2014-04-19,2014,04,19,0,109
2014-04-20,2014,04,20,0,110
2014-04-21,2014,04,21,2.4,111
2014-04-22,2014,04,22,13.6,112
2014-04-23,2014,04,23,0,113
2014-04-24,2014,04,24,0,114
2014-04-25,2014,04,25,0,115
2014-04-26,2014,04,26,4.4,116
2014-04-27,2014,04,27,0,117
2014-04-28,2014,04,28,0,118
2014-04-29,2014,04,29,2.4,119
2014-04-30,2014,04,30,9.2,120
2014-05-01,2014,05,01,7.2,121
2014-05-02,2014,05,02,0.2,122
2014-05-03,2014,05,03,0.6,123
2014-05-04,2014,05,04,18.6,124
2014-05-05,2014,05,05,0,125
2014-05-06,2014,05,06,0,126
2014-05-07,2014,05,07,0,127
2014-05-08,2014,05,08,0.4,128
2014-05-09,2014,05,09,27.4,129
2014-05-10,2014,05,10,NA,130
2014-05-11,2014,05,11,0,131
2014-05-12,2014,05,12,0,132
2014-05-13,2014,05,13,1.4,133
2014-05-14,2014,05,14,11.2,134
2014-05-15,2014,05,15,3.4,135
2014-05-16,2014,05,16,16,136
2014-05-17,2014,05,17,0.2,137
2014-05-18,2014,05,18,0,138
2014-05-19,2014,05,19,0,139
2014-05-20,2014,05,20,0,140
2014-05-21,2014,05,21,0,141
2014-05-22,2014,05,22,0,142
2014-05-23,2014,05,23,0.2,143
2014-05-24,2014,05,24,0,144
2014-05-25,2014,05,25,NA,145
2014-05-26,2014,05,26,0.2,146
2014-05-27,2014,05,27,0,147
2014-05-28,2014,05,28,0,148
2014-05-29,2014,05,29,NA,149
2014-05-30,2014,05,30,0,150
2014-05-31,2014,05,31,0,151
2014-06-01,2014,06,01,0,152
2014-06-02,2014,06,02,0,153
2014-06-03,2014,06,03,10.2,154
2014-06-04,2014,06,04,0,155
2014-06-05,2014,06,05,0.8,156
2014-06-06,2014,06,06,0,157
2014-06-07,2014,06,07,0,158
2014-06-08,2014,06,08,0,159
2014-06-09,2014,06,09,0.6,160
2014-06-10,2014,06,10,0,161
2014-06-11,2014,06,11,22,162
2014-06-12,2014,06,12,16.4,163
2014-06-13,2014,06,13,9.8,164
2014-06-14,2014,06,14,0,165
2014-06-15,2014,06,15,0,166
2014-06-16,2014,06,16,0,167
2014-06-17,2014,06,17,13.8,168
2014-06-18,2014,06,18,1.4,169
2014-06-19,2014,06,19,0,170
2014-06-20,2014,06,20,0,171
2014-06-21,2014,06,21,0,172
2014-06-22,2014,06,22,0,173
2014-06-23,2014,06,23,0,174
2014-06-24,2014,06,24,55.6,175
2014-06-25,2014,06,25,0.4,176
2014-06-26,2014,06,26,0,177
2014-06-27,2014,06,27,0,178
2014-06-28,2014,06,28,0,179
2014-06-29,2014,06,29,0,180
2014-06-30,2014,06,30,0,181
2014-07-01,2014,07,01,0,182
2014-07-02,2014,07,02,1.6,183
2014-07-03,2014,07,03,0.4,184
2014-07-04,2014,07,04,0,185
2014-07-05,2014,07,05,0,186
2014-07-06,2014,07,06,1.2,187
2014-07-07,2014,07,07,2.4,188
2014-07-08,2014,07,08,26.4,189
2014-07-09,2014,07,09,0,190
2014-07-10,2014,07,10,0,191
2014-07-11,2014,07,11,0,192
2014-07-12,2014,07,12,NA,193
2014-07-13,2014,07,13,14,194
2014-07-14,2014,07,14,0,195
2014-07-15,2014,07,15,5,196
2014-07-16,2014,07,16,0,197
2014-07-17,2014,07,17,0,198
2014-07-18,2014,07,18,0,199
2014-07-19,2014,07,19,0,200
2014-07-20,2014,07,20,0.6,201
2014-07-21,2014,07,21,0,202
2014-07-22,2014,07,22,0,203
2014-07-23,2014,07,23,2.4,204
2014-07-24,2014,07,24,0,205
2014-07-25,2014,07,25,0,206
2014-07-26,2014,07,26,1,207
2014-07-27,2014,07,27,5.6,208
2014-07-28,2014,07,28,2.6,209
2014-07-29,2014,07,29,0,210
2014-07-30,2014,07,30,23.2,211
2014-07-31,2014,07,31,22.6,212
2014-08-01,2014,08,01,0,213
2014-08-02,2014,08,02,0,214
2014-08-03,2014,08,03,0,215
2014-08-04,2014,08,04,2,216
2014-08-05,2014,08,05,0,217
2014-08-06,2014,08,06,1,218
2014-08-07,2014,08,07,0.6,219
2014-08-08,2014,08,08,0,220
2014-08-09,2014,08,09,0,221
2014-08-10,2014,08,10,0,222
2014-08-11,2014,08,11,0,223
2014-08-12,2014,08,12,26.4,224
2014-08-13,2014,08,13,28.6,225
2014-08-14,2014,08,14,1.4,226
2014-08-15,2014,08,15,0.2,227
2014-08-16,2014,08,16,9.6,228
2014-08-17,2014,08,17,1.4,229
2014-08-18,2014,08,18,0,230
2014-08-19,2014,08,19,0,231
2014-08-20,2014,08,20,14,232
2014-08-21,2014,08,21,18.8,233
2014-08-22,2014,08,22,0,234
2014-08-23,2014,08,23,0,235
2014-08-24,2014,08,24,0,236
2014-08-25,2014,08,25,0,237
2014-08-26,2014,08,26,0,238
2014-08-27,2014,08,27,0,239
2014-08-28,2014,08,28,0,240
2014-08-29,2014,08,29,0,241
2014-08-30,2014,08,30,2,242
2014-08-31,2014,08,31,7.8,243
2014-09-01,2014,09,01,0,244
2014-09-02,2014,09,02,14.8,245
2014-09-03,2014,09,03,0,246
2014-09-04,2014,09,04,0.6,247
2014-09-05,2014,09,05,12.4,248
2014-09-06,2014,09,06,10,249
2014-09-07,2014,09,07,0,250
2014-09-08,2014,09,08,0,251
2014-09-09,2014,09,09,0,252
2014-09-10,2014,09,10,1.8,253
2014-09-11,2014,09,11,3,254
2014-09-12,2014,09,12,0,255
2014-09-13,2014,09,13,14.6,256
2014-09-14,2014,09,14,0,257
2014-09-15,2014,09,15,3,258
2014-09-16,2014,09,16,0,259
2014-09-17,2014,09,17,6.4,260
2014-09-18,2014,09,18,0,261
2014-09-19,2014,09,19,0,262
2014-09-20,2014,09,20,3.6,263
2014-09-21,2014,09,21,11.6,264
2014-09-22,2014,09,22,0,265
2014-09-23,2014,09,23,0,266
2014-09-24,2014,09,24,0,267
2014-09-25,2014,09,25,0,268
2014-09-26,2014,09,26,0,269
2014-09-27,2014,09,27,0,270
2014-09-28,2014,09,28,0,271
2014-09-29,2014,09,29,0,272
2014-09-30,2014,09,30,0,273
2014-10-01,2014,10,01,0,274
2014-10-02,2014,10,02,0,275
2014-10-03,2014,10,03,1.2,276
2014-10-04,2014,10,04,6.8,277
2014-10-05,2014,10,05,0,278
2014-10-06,2014,10,06,2.6,279
2014-10-07,2014,10,07,5.2,280
2014-10-08,2014,10,08,8.2,281
2014-10-09,2014,10,09,1.2,282
2014-10-10,2014,10,10,0,283
2014-10-11,2014,10,11,0,284
2014-10-12,2014,10,12,0,285
2014-10-13,2014,10,13,0.4,286
2014-10-14,2014,10,14,0,287
2014-10-15,2014,10,15,2.8,288
2014-10-16,2014,10,16,10.4,289
2014-10-17,2014,10,17,2,290
2014-10-18,2014,10,18,0.2,291
2014-10-19,2014,10,19,0,292
2014-10-20,2014,10,20,3,293
2014-10-21,2014,10,21,4,294
2014-10-22,2014,10,22,0,295
2014-10-23,2014,10,23,0,296
2014-10-24,2014,10,24,0,297
2014-10-25,2014,10,25,7,298
2014-10-26,2014,10,26,0.2,299
2014-10-27,2014,10,27,3.4,300
2014-10-28,2014,10,28,6.4,301
2014-10-29,2014,10,29,0,302
2014-10-30,2014,10,30,0,303
2014-10-31,2014,10,31,0,304
2014-11-01,2014,11,01,0,305
2014-11-02,2014,11,02,0,306
2014-11-03,2014,11,03,0,307
2014-11-04,2014,11,04,5.6,308
2014-11-05,2014,11,05,0.2,309
2014-11-06,2014,11,06,2,310
2014-11-07,2014,11,07,1.8,311
2014-11-08,2014,11,08,0.4,312
2014-11-09,2014,11,09,0.6,313
2014-11-10,2014,11,10,0,314
2014-11-11,2014,11,11,0,315
2014-11-12,2014,11,12,2.4,316
2014-11-13,2014,11,13,0,317
2014-11-14,2014,11,14,0,318
2014-11-15,2014,11,15,0,319
2014-11-16,2014,11,16,1.2,320
2014-11-17,2014,11,17,7.2,321
2014-11-18,2014,11,18,0.4,322
2014-11-19,2014,11,19,0,323
2014-11-20,2014,11,20,0,324
2014-11-21,2014,11,21,0,325
2014-11-22,2014,11,22,1,326
2014-11-23,2014,11,23,0,327
2014-11-24,2014,11,24,17.2,328
2014-11-25,2014,11,25,0,329
2014-11-26,2014,11,26,0,330
2014-11-27,2014,11,27,0,331
2014-11-28,2014,11,28,0,332
2014-11-29,2014,11,29,0,333
2014-11-30,2014,11,30,1.2,334
2014-12-01,2014,12,01,0,335
2014-12-02,2014,12,02,2.8,336
2014-12-03,2014,12,03,2,337
2014-12-04,2014,12,04,0.2,338
2014-12-05,2014,12,05,0,339
2014-12-06,2014,12,06,0,340
2014-12-07,2014,12,07,0,341
2014-12-08,2014,12,08,0,342
2014-12-09,2014,12,09,0,343
2014-12-10,2014,12,10,11,344
2014-12-11,2014,12,11,0,345
2014-12-12,2014,12,12,1.6,346
2014-12-13,2014,12,13,0,347
2014-12-14,2014,12,14,0.2,348
2014-12-15,2014,12,15,0,349
2014-12-16,2014,12,16,2.4,350
2014-12-17,2014,12,17,8.6,351
2014-12-18,2014,12,18,0.6,352
2014-12-19,2014,12,19,0,353
2014-12-20,2014,12,20,0,354
2014-12-21,2014,12,21,0,355
2014-12-22,2014,12,22,0,356
2014-12-23,2014,12,23,2,357
2014-12-24,2014,12,24,2.4,358
2014-12-25,2014,12,25,1.2,359
2014-12-26,2014,12,26,0,360
2014-12-27,2014,12,27,1.6,361
2014-12-28,2014,12,28,0,362
2014-12-29,2014,12,29,0,363
2014-12-30,2014,12,30,0,364
2014-12-31,2014,12,31,0,365
2015-01-01,2015,01,01,0.2,1
2015-01-02,2015,01,02,0,2
2015-01-03,2015,01,03,13.6,3
2015-01-04,2015,01,04,11.2,4
2015-01-05,2015,01,05,0,5
2015-01-06,2015,01,06,0.4,6
2015-01-07,2015,01,07,0.8,7
2015-01-08,2015,01,08,1.6,8
2015-01-09,2015,01,09,2.6,9
2015-01-10,2015,01,10,0,10
2015-01-11,2015,01,11,0.2,11
2015-01-12,2015,01,12,2.8,12
2015-01-13,2015,01,13,0,13
2015-01-14,2015,01,14,0,14
2015-01-15,2015,01,15,1.6,15
2015-01-16,2015,01,16,0.4,16
2015-01-17,2015,01,17,0,17
2015-01-18,2015,01,18,0.6,18
2015-01-19,2015,01,19,2,19
2015-01-20,2015,01,20,0,20
2015-01-21,2015,01,21,0,21
2015-01-22,2015,01,22,0,22
2015-01-23,2015,01,23,0,23
2015-01-24,2015,01,24,1.2,24
2015-01-25,2015,01,25,0,25
2015-01-26,2015,01,26,0,26
2015-01-27,2015,01,27,0,27
2015-01-28,2015,01,28,0,28
2015-01-29,2015,01,29,9,29
2015-01-30,2015,01,30,1.6,30
2015-01-31,2015,01,31,0.4,31
2015-02-01,2015,02,01,0,32
2015-02-02,2015,02,02,3,33
2015-02-03,2015,02,03,0.2,34
2015-02-04,2015,02,04,4.4,35
2015-02-05,2015,02,05,0,36
2015-02-06,2015,02,06,1.2,37
2015-02-07,2015,02,07,2.2,38
2015-02-08,2015,02,08,4,39
2015-02-09,2015,02,09,0.2,40
2015-02-10,2015,02,10,0,41
2015-02-11,2015,02,11,3.4,42
2015-02-12,2015,02,12,3.2,43
2015-02-13,2015,02,13,0,44
2015-02-14,2015,02,14,4.6,45
2015-02-15,2015,02,15,0,46
2015-02-16,2015,02,16,0,47
2015-02-17,2015,02,17,0,48
2015-02-18,2015,02,18,0.4,49
2015-02-19,2015,02,19,1.6,50
2015-02-20,2015,02,20,0,51
2015-02-21,2015,02,21,8,52
2015-02-22,2015,02,22,0.4,53
2015-02-23,2015,02,23,0,54
2015-02-24,2015,02,24,0,55
2015-02-25,2015,02,25,1.2,56
2015-02-26,2015,02,26,0,57
2015-02-27,2015,02,27,0,58
2015-02-28,2015,02,28,0,59
2015-03-01,2015,03,01,0,60
2015-03-02,2015,03,02,0,61
2015-03-03,2015,03,03,5,62
2015-03-04,2015,03,04,0,63
2015-03-05,2015,03,05,0,64
2015-03-06,2015,03,06,0,65
2015-03-07,2015,03,07,0.2,66
2015-03-08,2015,03,08,1.6,67
2015-03-09,2015,03,09,0.8,68
2015-03-10,2015,03,10,0,69
2015-03-11,2015,03,11,0,70
2015-03-12,2015,03,12,0,71
2015-03-13,2015,03,13,0,72
2015-03-14,2015,03,14,4.6,73
2015-03-15,2015,03,15,2.4,74
2015-03-16,2015,03,16,0,75
2015-03-17,2015,03,17,2.4,76
2015-03-18,2015,03,18,0,77
2015-03-19,2015,03,19,0,78
2015-03-20,2015,03,20,0,79
2015-03-21,2015,03,21,4.4,80
2015-03-22,2015,03,22,0,81
2015-03-23,2015,03,23,0,82
2015-03-24,2015,03,24,0,83
2015-03-25,2015,03,25,0.4,84
2015-03-26,2015,03,26,0,85
2015-03-27,2015,03,27,0.8,86
2015-03-28,2015,03,28,0,87
2015-03-29,2015,03,29,0,88
2015-03-30,2015,03,30,2,89
2015-03-31,2015,03,31,0,90
2015-04-01,2015,04,01,0,91
2015-04-02,2015,04,02,3.2,92
2015-04-03,2015,04,03,2.2,93
2015-04-04,2015,04,04,2.2,94
2015-04-05,2015,04,05,0,95
2015-04-06,2015,04,06,0.4,96
2015-04-07,2015,04,07,0,97
2015-04-08,2015,04,08,2,98
2015-04-09,2015,04,09,10.6,99
2015-04-10,2015,04,10,10.2,100
2015-04-11,2015,04,11,0.4,101
2015-04-12,2015,04,12,0,102
2015-04-13,2015,04,13,4,103
2015-04-14,2015,04,14,0,104
2015-04-15,2015,04,15,0,105
2015-04-16,2015,04,16,0,106
2015-04-17,2015,04,17,0,107
2015-04-18,2015,04,18,0,108
2015-04-19,2015,04,19,0,109
2015-04-20,2015,04,20,24.4,110
2015-04-21,2015,04,21,3,111
2015-04-22,2015,04,22,1.6,112
2015-04-23,2015,04,23,0,113
2015-04-24,2015,04,24,0,114
2015-04-25,2015,04,25,0,115
2015-04-26,2015,04,26,0,116
2015-04-27,2015,04,27,0,117
2015-04-28,2015,04,28,0,118
2015-04-29,2015,04,29,0,119
2015-04-30,2015,04,30,0,120
2015-05-01,2015,05,01,0,121
2015-05-02,2015,05,02,0,122
2015-05-03,2015,05,03,0,123
2015-05-04,2015,05,04,1.8,124
2015-05-05,2015,05,05,0,125
2015-05-06,2015,05,06,0,126
2015-05-07,2015,05,07,0,127
2015-05-08,2015,05,08,0,128
2015-05-09,2015,05,09,0.2,129
2015-05-10,2015,05,10,2.6,130
2015-05-11,2015,05,11,6,131
2015-05-12,2015,05,12,5.2,132
2015-05-13,2015,05,13,0.2,133
2015-05-14,2015,05,14,0,134
2015-05-15,2015,05,15,0.4,135
2015-05-16,2015,05,16,0,136
2015-05-17,2015,05,17,0,137
2015-05-18,2015,05,18,1.6,138
2015-05-19,2015,05,19,0,139
2015-05-20,2015,05,20,0,140
2015-05-21,2015,05,21,0,141
2015-05-22,2015,05,22,0,142
2015-05-23,2015,05,23,0,143
2015-05-24,2015,05,24,0,144
2015-05-25,2015,05,25,23.8,145
2015-05-26,2015,05,26,0,146
2015-05-27,2015,05,27,0,147
2015-05-28,2015,05,28,1.2,148
2015-05-29,2015,05,29,0,149
2015-05-30,2015,05,30,17.4,150
2015-05-31,2015,05,31,1.8,151
2015-06-01,2015,06,01,0,152
2015-06-02,2015,06,02,0.6,153
2015-06-03,2015,06,03,0,154
2015-06-04,2015,06,04,0,155
2015-06-05,2015,06,05,0.8,156
2015-06-06,2015,06,06,0,157
2015-06-07,2015,06,07,3,158
2015-06-08,2015,06,08,16.2,159
2015-06-09,2015,06,09,3.6,160
2015-06-10,2015,06,10,12.4,161
2015-06-11,2015,06,11,0,162
2015-06-12,2015,06,12,16.6,163
2015-06-13,2015,06,13,0,164
2015-06-14,2015,06,14,1,165
2015-06-15,2015,06,15,0,166
2015-06-16,2015,06,16,16.6,167
2015-06-17,2015,06,17,0,168
2015-06-18,2015,06,18,7,169
2015-06-19,2015,06,19,0,170
2015-06-20,2015,06,20,0,171
2015-06-21,2015,06,21,4,172
2015-06-22,2015,06,22,0,173
2015-06-23,2015,06,23,1.8,174
2015-06-24,2015,06,24,0,175
2015-06-25,2015,06,25,0,176
2015-06-26,2015,06,26,0,177
2015-06-27,2015,06,27,0,178
2015-06-28,2015,06,28,9.4,179
2015-06-29,2015,06,29,7.4,180
2015-06-30,2015,06,30,0,181
2015-07-01,2015,07,01,11.2,182
2015-07-02,2015,07,02,0,183
2015-07-03,2015,07,03,0,184
2015-07-04,2015,07,04,0,185
2015-07-05,2015,07,05,0,186
2015-07-06,2015,07,06,0,187
2015-07-07,2015,07,07,9.2,188
2015-07-08,2015,07,08,0,189
2015-07-09,2015,07,09,0,190
2015-07-10,2015,07,10,0,191
2015-07-11,2015,07,11,0,192
2015-07-12,2015,07,12,0,193
2015-07-13,2015,07,13,0,194
2015-07-14,2015,07,14,0.6,195
2015-07-15,2015,07,15,0,196
2015-07-16,2015,07,16,0,197
2015-07-17,2015,07,17,13,198
2015-07-18,2015,07,18,0,199
2015-07-19,2015,07,19,0.2,200
2015-07-20,2015,07,20,0,201
2015-07-21,2015,07,21,1,202
2015-07-22,2015,07,22,0,203
2015-07-23,2015,07,23,0,204
2015-07-24,2015,07,24,0,205
2015-07-25,2015,07,25,5.6,206
2015-07-26,2015,07,26,0,207
2015-07-27,2015,07,27,0,208
2015-07-28,2015,07,28,0,209
2015-07-29,2015,07,29,0,210
2015-07-30,2015,07,30,0,211
2015-07-31,2015,07,31,0,212
2015-08-01,2015,08,01,0,213
2015-08-02,2015,08,02,4.8,214
2015-08-03,2015,08,03,2.6,215
2015-08-04,2015,08,04,3.2,216
2015-08-05,2015,08,05,0.2,217
2015-08-06,2015,08,06,0,218
2015-08-07,2015,08,07,0,219
2015-08-08,2015,08,08,0,220
2015-08-09,2015,08,09,0,221
2015-08-10,2015,08,10,12.4,222
2015-08-11,2015,08,11,29.4,223
2015-08-12,2015,08,12,0,224
2015-08-13,2015,08,13,0,225
2015-08-14,2015,08,14,24.8,226
2015-08-15,2015,08,15,0,227
2015-08-16,2015,08,16,0,228
2015-08-17,2015,08,17,0,229
2015-08-18,2015,08,18,0.6,230
2015-08-19,2015,08,19,1.4,231
2015-08-20,2015,08,20,16.4,232
2015-08-21,2015,08,21,0,233
2015-08-22,2015,08,22,0,234
2015-08-23,2015,08,23,0,235
2015-08-24,2015,08,24,2,236
2015-08-25,2015,08,25,0,237
2015-08-26,2015,08,26,1.4,238
2015-08-27,2015,08,27,0,239
2015-08-28,2015,08,28,0,240
2015-08-29,2015,08,29,0.8,241
2015-08-30,2015,08,30,0,242
2015-08-31,2015,08,31,0,243
2015-09-01,2015,09,01,0,244
2015-09-02,2015,09,02,NA,245
2015-09-03,2015,09,03,0,246
2015-09-04,2015,09,04,0,247
2015-09-05,2015,09,05,0,248
2015-09-06,2015,09,06,NA,249
2015-09-07,2015,09,07,3,250
2015-09-08,2015,09,08,0.2,251
2015-09-09,2015,09,09,0.6,252
2015-09-10,2015,09,10,0,253
2015-09-11,2015,09,11,0.2,254
2015-09-12,2015,09,12,25.4,255
2015-09-13,2015,09,13,19.4,256
2015-09-14,2015,09,14,1.4,257
2015-09-15,2015,09,15,0,258
2015-09-16,2015,09,16,0,259
2015-09-17,2015,09,17,0,260
2015-09-18,2015,09,18,0,261
2015-09-19,2015,09,19,8.6,262
2015-09-20,2015,09,20,0,263
2015-09-21,2015,09,21,0,264
2015-09-22,2015,09,22,0,265
2015-09-23,2015,09,23,0,266
2015-09-24,2015,09,24,NA,267
2015-09-25,2015,09,25,0,268
2015-09-26,2015,09,26,0,269
2015-09-27,2015,09,27,0,270
2015-09-28,2015,09,28,NA,271
2015-09-29,2015,09,29,10.6,272
2015-09-30,2015,09,30,0,273
2015-10-01,2015,10,01,0,274
2015-10-02,2015,10,02,0,275
2015-10-03,2015,10,03,0,276
2015-10-04,2015,10,04,0,277
2015-10-05,2015,10,05,0,278
2015-10-06,2015,10,06,0,279
2015-10-07,2015,10,07,0,280
2015-10-08,2015,10,08,0,281
2015-10-09,2015,10,09,9.6,282
2015-10-10,2015,10,10,0,283
2015-10-11,2015,10,11,0,284
2015-10-12,2015,10,12,0,285
2015-10-13,2015,10,13,3.8,286
2015-10-14,2015,10,14,0,287
2015-10-15,2015,10,15,5,288
2015-10-16,2015,10,16,6.4,289
2015-10-17,2015,10,17,0,290
2015-10-18,2015,10,18,0,291
2015-10-19,2015,10,19,0,292
2015-10-20,2015,10,20,0,293
2015-10-21,2015,10,21,1.4,294
2015-10-22,2015,10,22,3.8,295
2015-10-23,2015,10,23,0,296
2015-10-24,2015,10,24,10,297
2015-10-25,2015,10,25,0.4,298
2015-10-26,2015,10,26,0,299
2015-10-27,2015,10,27,0,300
2015-10-28,2015,10,28,31.6,301
2015-10-29,2015,10,29,1.4,302
2015-10-30,2015,10,30,0,303
2015-10-31,2015,10,31,0.2,304
2015-11-01,2015,11,01,3,305
2015-11-02,2015,11,02,0,306
2015-11-03,2015,11,03,0.2,307
2015-11-04,2015,11,04,0,308
2015-11-05,2015,11,05,0,309
2015-11-06,2015,11,06,0.6,310
2015-11-07,2015,11,07,0,311
2015-11-08,2015,11,08,0,312
2015-11-09,2015,11,09,0,313
2015-11-10,2015,11,10,0.2,314
2015-11-11,2015,11,11,0.4,315
2015-11-12,2015,11,12,14.2,316
2015-11-13,2015,11,13,9,317
2015-11-14,2015,11,14,0,318
2015-11-15,2015,11,15,0,319
2015-11-16,2015,11,16,0,320
2015-11-17,2015,11,17,0,321
2015-11-18,2015,11,18,0,322
2015-11-19,2015,11,19,5.8,323
2015-11-20,2015,11,20,0,324
2015-11-21,2015,11,21,0,325
2015-11-22,2015,11,22,0.6,326
2015-11-23,2015,11,23,0,327
2015-11-24,2015,11,24,0.2,328
2015-11-25,2015,11,25,0,329
2015-11-26,2015,11,26,0,330
2015-11-27,2015,11,27,5.6,331
2015-11-28,2015,11,28,0,332
2015-11-29,2015,11,29,0,333
2015-11-30,2015,11,30,0,334
2015-12-01,2015,12,01,1.4,335
2015-12-02,2015,12,02,2.8,336
2015-12-03,2015,12,03,0.2,337
2015-12-04,2015,12,04,0,338
2015-12-05,2015,12,05,0,339
2015-12-06,2015,12,06,0,340
2015-12-07,2015,12,07,0,341
2015-12-08,2015,12,08,0,342
2015-12-09,2015,12,09,0,343
2015-12-10,2015,12,10,0.6,344
2015-12-11,2015,12,11,1.2,345
2015-12-12,2015,12,12,0,346
2015-12-13,2015,12,13,3.6,347
2015-12-14,2015,12,14,10,348
2015-12-15,2015,12,15,1,349
2015-12-16,2015,12,16,0,350
2015-12-17,2015,12,17,4.6,351
2015-12-18,2015,12,18,0,352
2015-12-19,2015,12,19,0,353
2015-12-20,2015,12,20,0,354
2015-12-21,2015,12,21,11.4,355
2015-12-22,2015,12,22,2.6,356
2015-12-23,2015,12,23,5.2,357
2015-12-24,2015,12,24,0,358
2015-12-25,2015,12,25,0.2,359
2015-12-26,2015,12,26,1.8,360
2015-12-27,2015,12,27,7,361
2015-12-28,2015,12,28,0,362
2015-12-29,2015,12,29,18.8,363
2015-12-30,2015,12,30,2.6,364
2015-12-31,2015,12,31,0.2,365
2016-01-01,2016,01,01,2.2,1
2016-01-02,2016,01,02,0,2
2016-01-03,2016,01,03,2.8,3
2016-01-04,2016,01,04,0,4
2016-01-05,2016,01,05,0,5
2016-01-06,2016,01,06,0,6
2016-01-07,2016,01,07,0,7
2016-01-08,2016,01,08,0,8
2016-01-09,2016,01,09,3.6,9
2016-01-10,2016,01,10,13.8,10
2016-01-11,2016,01,11,0,11
2016-01-12,2016,01,12,4.4,12
2016-01-13,2016,01,13,0,13
2016-01-14,2016,01,14,1.2,14
2016-01-15,2016,01,15,0,15
2016-01-16,2016,01,16,3.2,16
2016-01-17,2016,01,17,2.8,17
2016-01-18,2016,01,18,1.4,18
2016-01-19,2016,01,19,0,19
2016-01-20,2016,01,20,0,20
2016-01-21,2016,01,21,0,21
2016-01-22,2016,01,22,0,22
2016-01-23,2016,01,23,0,23
2016-01-24,2016,01,24,0.8,24
2016-01-25,2016,01,25,0,25
2016-01-26,2016,01,26,2.6,26
2016-01-27,2016,01,27,0,27
2016-01-28,2016,01,28,0.2,28
2016-01-29,2016,01,29,1.2,29
2016-01-30,2016,01,30,0,30
2016-01-31,2016,01,31,3.6,31
2016-02-01,2016,02,01,0.6,32
2016-02-02,2016,02,02,0,33
2016-02-03,2016,02,03,9.4,34
2016-02-04,2016,02,04,0,35
2016-02-05,2016,02,05,0,36
2016-02-06,2016,02,06,0.2,37
2016-02-07,2016,02,07,0,38
2016-02-08,2016,02,08,0,39
2016-02-09,2016,02,09,2,40
2016-02-10,2016,02,10,2,41
2016-02-11,2016,02,11,0.6,42
2016-02-12,2016,02,12,1.2,43
2016-02-13,2016,02,13,0,44
2016-02-14,2016,02,14,0,45
2016-02-15,2016,02,15,0,46
2016-02-16,2016,02,16,33.8,47
2016-02-17,2016,02,17,2.2,48
2016-02-18,2016,02,18,0,49
2016-02-19,2016,02,19,2.6,50
2016-02-20,2016,02,20,6.2,51
2016-02-21,2016,02,21,0.8,52
2016-02-22,2016,02,22,0,53
2016-02-23,2016,02,23,0,54
2016-02-24,2016,02,24,21.4,55
2016-02-25,2016,02,25,3.6,56
2016-02-26,2016,02,26,0,57
2016-02-27,2016,02,27,0,58
2016-02-28,2016,02,28,1.8,59
2016-02-29,2016,02,29,3.8,60
2016-03-01,2016,03,01,1.6,61
2016-03-02,2016,03,02,5.6,62
2016-03-03,2016,03,03,0,63
2016-03-04,2016,03,04,0,64
2016-03-05,2016,03,05,0,65
2016-03-06,2016,03,06,0,66
2016-03-07,2016,03,07,0.6,67
2016-03-08,2016,03,08,0.6,68
2016-03-09,2016,03,09,1.4,69
2016-03-10,2016,03,10,0.6,70
2016-03-11,2016,03,11,0,71
2016-03-12,2016,03,12,0,72
2016-03-13,2016,03,13,0,73
2016-03-14,2016,03,14,5.4,74
2016-03-15,2016,03,15,4.2,75
2016-03-16,2016,03,16,9,76
2016-03-17,2016,03,17,2.2,77
2016-03-18,2016,03,18,0,78
2016-03-19,2016,03,19,0,79
2016-03-20,2016,03,20,0,80
2016-03-21,2016,03,21,0,81
2016-03-22,2016,03,22,2.6,82
2016-03-23,2016,03,23,1,83
2016-03-24,2016,03,24,5.4,84
2016-03-25,2016,03,25,1.4,85
2016-03-26,2016,03,26,0,86
2016-03-27,2016,03,27,0,87
2016-03-28,2016,03,28,19.6,88
2016-03-29,2016,03,29,0,89
2016-03-30,2016,03,30,1.2,90
2016-03-31,2016,03,31,17.4,91
2016-04-01,2016,04,01,0,92
2016-04-02,2016,04,02,0.8,93
2016-04-03,2016,04,03,0,94
2016-04-04,2016,04,04,0,95
2016-04-05,2016,04,05,0,96
2016-04-06,2016,04,06,17.6,97
2016-04-07,2016,04,07,4.2,98
2016-04-08,2016,04,08,0.2,99
2016-04-09,2016,04,09,0,100
2016-04-10,2016,04,10,0.6,101
2016-04-11,2016,04,11,11,102
2016-04-12,2016,04,12,0,103
2016-04-13,2016,04,13,0,104
2016-04-14,2016,04,14,0,105
2016-04-15,2016,04,15,0,106
2016-04-16,2016,04,16,0,107
2016-04-17,2016,04,17,0,108
2016-04-18,2016,04,18,4.6,109
2016-04-19,2016,04,19,0,110
2016-04-20,2016,04,20,0,111
2016-04-21,2016,04,21,0,112
2016-04-22,2016,04,22,4.8,113
2016-04-23,2016,04,23,0,114
2016-04-24,2016,04,24,0,115
2016-04-25,2016,04,25,0,116
2016-04-26,2016,04,26,0,117
2016-04-27,2016,04,27,0,118
2016-04-28,2016,04,28,0,119
2016-04-29,2016,04,29,0,120
2016-04-30,2016,04,30,0,121
2016-05-01,2016,05,01,6.4,122
2016-05-02,2016,05,02,0.4,123
2016-05-03,2016,05,03,0,124
2016-05-04,2016,05,04,0.2,125
2016-05-05,2016,05,05,0,126
2016-05-06,2016,05,06,0,127
2016-05-07,2016,05,07,1.4,128
2016-05-08,2016,05,08,10.2,129
2016-05-09,2016,05,09,0,130
2016-05-10,2016,05,10,0,131
2016-05-11,2016,05,11,0,132
2016-05-12,2016,05,12,0,133
2016-05-13,2016,05,13,5.6,134
2016-05-14,2016,05,14,2,135
2016-05-15,2016,05,15,0,136
2016-05-16,2016,05,16,0,137
2016-05-17,2016,05,17,0,138
2016-05-18,2016,05,18,0,139
2016-05-19,2016,05,19,0,140
2016-05-20,2016,05,20,0,141
2016-05-21,2016,05,21,0,142
2016-05-22,2016,05,22,0,143
2016-05-23,2016,05,23,0,144
2016-05-24,2016,05,24,0,145
2016-05-25,2016,05,25,0,146
2016-05-26,2016,05,26,0,147
2016-05-27,2016,05,27,0,148
2016-05-28,2016,05,28,0,149
2016-05-29,2016,05,29,0,150
2016-05-30,2016,05,30,0,151
2016-05-31,2016,05,31,0,152
2016-06-01,2016,06,01,0,153
2016-06-02,2016,06,02,0.8,154
2016-06-03,2016,06,03,0,155
2016-06-04,2016,06,04,0,156
2016-06-05,2016,06,05,36.4,157
2016-06-06,2016,06,06,0,158
2016-06-07,2016,06,07,5.6,159
2016-06-08,2016,06,08,0,160
2016-06-09,2016,06,09,0,161
2016-06-10,2016,06,10,0,162
2016-06-11,2016,06,11,5.8,163
2016-06-12,2016,06,12,0,164
2016-06-13,2016,06,13,0,165
2016-06-14,2016,06,14,0,166
2016-06-15,2016,06,15,0,167
2016-06-16,2016,06,16,0,168
2016-06-17,2016,06,17,0,169
2016-06-18,2016,06,18,0,170
2016-06-19,2016,06,19,0,171
2016-06-20,2016,06,20,0,172
2016-06-21,2016,06,21,0,173
2016-06-22,2016,06,22,0.6,174
2016-06-23,2016,06,23,0,175
2016-06-24,2016,06,24,0,176
2016-06-25,2016,06,25,0,177
2016-06-26,2016,06,26,0.4,178
2016-06-27,2016,06,27,12,179
2016-06-28,2016,06,28,4.6,180
2016-06-29,2016,06,29,0,181
2016-06-30,2016,06,30,0,182
2016-07-01,2016,07,01,12,183
2016-07-02,2016,07,02,0.2,184
2016-07-03,2016,07,03,0,185
2016-07-04,2016,07,04,0,186
2016-07-05,2016,07,05,0,187
2016-07-06,2016,07,06,0,188
2016-07-07,2016,07,07,0.4,189
2016-07-08,2016,07,08,0,190
2016-07-09,2016,07,09,22.6,191
2016-07-10,2016,07,10,0.8,192
2016-07-11,2016,07,11,0,193
2016-07-12,2016,07,12,0,194
2016-07-13,2016,07,13,0,195
2016-07-14,2016,07,14,8.8,196
2016-07-15,2016,07,15,1.8,197
2016-07-16,2016,07,16,0,198
2016-07-17,2016,07,17,4.6,199
2016-07-18,2016,07,18,0,200
2016-07-19,2016,07,19,0,201
2016-07-20,2016,07,20,0,202
2016-07-21,2016,07,21,0,203
2016-07-22,2016,07,22,0,204
2016-07-23,2016,07,23,0,205
2016-07-24,2016,07,24,0,206
2016-07-25,2016,07,25,6,207
2016-07-26,2016,07,26,0,208
2016-07-27,2016,07,27,0,209
2016-07-28,2016,07,28,0,210
2016-07-29,2016,07,29,0,211
2016-07-30,2016,07,30,0,212
2016-07-31,2016,07,31,0,213
2016-08-01,2016,08,01,0,214
2016-08-02,2016,08,02,0,215
2016-08-03,2016,08,03,0,216
2016-08-04,2016,08,04,0,217
2016-08-05,2016,08,05,0,218
2016-08-06,2016,08,06,0,219
2016-08-07,2016,08,07,0,220
2016-08-08,2016,08,08,0,221
2016-08-09,2016,08,09,0,222
2016-08-10,2016,08,10,0,223
2016-08-11,2016,08,11,0,224
2016-08-12,2016,08,12,5.2,225
2016-08-13,2016,08,13,39.2,226
2016-08-14,2016,08,14,0.2,227
2016-08-15,2016,08,15,0,228
2016-08-16,2016,08,16,26.4,229
2016-08-17,2016,08,17,0.6,230
2016-08-18,2016,08,18,1,231
2016-08-19,2016,08,19,0,232
2016-08-20,2016,08,20,0,233
2016-08-21,2016,08,21,18.2,234
2016-08-22,2016,08,22,0,235
2016-08-23,2016,08,23,0,236
2016-08-24,2016,08,24,0,237
2016-08-25,2016,08,25,0.6,238
2016-08-26,2016,08,26,0,239
2016-08-27,2016,08,27,0,240
2016-08-28,2016,08,28,0.2,241
2016-08-29,2016,08,29,0,242
2016-08-30,2016,08,30,0,243
2016-08-31,2016,08,31,0,244
2016-09-01,2016,09,01,0,245
2016-09-02,2016,09,02,0,246
2016-09-03,2016,09,03,0,247
2016-09-04,2016,09,04,0,248
2016-09-05,2016,09,05,0,249
2016-09-06,2016,09,06,0,250
2016-09-07,2016,09,07,1.4,251
2016-09-08,2016,09,08,2.2,252
2016-09-09,2016,09,09,0,253
2016-09-10,2016,09,10,3.6,254
2016-09-11,2016,09,11,0.6,255
2016-09-12,2016,09,12,0,256
2016-09-13,2016,09,13,0,257
2016-09-14,2016,09,14,0.2,258
2016-09-15,2016,09,15,0,259
2016-09-16,2016,09,16,0,260
2016-09-17,2016,09,17,22.2,261
2016-09-18,2016,09,18,0,262
2016-09-19,2016,09,19,0,263
2016-09-20,2016,09,20,0,264
2016-09-21,2016,09,21,0,265
2016-09-22,2016,09,22,6,266
2016-09-23,2016,09,23,1.6,267
2016-09-24,2016,09,24,0,268
2016-09-25,2016,09,25,0,269
2016-09-26,2016,09,26,1,270
2016-09-27,2016,09,27,0,271
2016-09-28,2016,09,28,0,272
2016-09-29,2016,09,29,0,273
2016-09-30,2016,09,30,0,274
2016-10-01,2016,10,01,0,275
2016-10-02,2016,10,02,2.6,276
2016-10-03,2016,10,03,0,277
2016-10-04,2016,10,04,0,278
2016-10-05,2016,10,05,0,279
2016-10-06,2016,10,06,0,280
2016-10-07,2016,10,07,0,281
2016-10-08,2016,10,08,13,282
2016-10-09,2016,10,09,0,283
2016-10-10,2016,10,10,0,284
2016-10-11,2016,10,11,0,285
2016-10-12,2016,10,12,0,286
2016-10-13,2016,10,13,1,287
2016-10-14,2016,10,14,0,288
2016-10-15,2016,10,15,0,289
2016-10-16,2016,10,16,1.6,290
2016-10-17,2016,10,17,12.8,291
2016-10-18,2016,10,18,0.2,292
2016-10-19,2016,10,19,0,293
2016-10-20,2016,10,20,19.2,294
2016-10-21,2016,10,21,26,295
2016-10-22,2016,10,22,9.8,296
2016-10-23,2016,10,23,0,297
2016-10-24,2016,10,24,0,298
2016-10-25,2016,10,25,0,299
2016-10-26,2016,10,26,0,300
2016-10-27,2016,10,27,10.2,301
2016-10-28,2016,10,28,3.4,302
2016-10-29,2016,10,29,7.2,303
2016-10-30,2016,10,30,0,304
2016-10-31,2016,10,31,0,305
2016-11-01,2016,11,01,0,306
2016-11-02,2016,11,02,0,307
2016-11-03,2016,11,03,7.8,308
2016-11-04,2016,11,04,0,309
2016-11-05,2016,11,05,0.2,310
2016-11-06,2016,11,06,0,311
2016-11-07,2016,11,07,0,312
2016-11-08,2016,11,08,0,313
2016-11-09,2016,11,09,0,314
2016-11-10,2016,11,10,0,315
2016-11-11,2016,11,11,0.4,316
2016-11-12,2016,11,12,0,317
2016-11-13,2016,11,13,0,318
2016-11-14,2016,11,14,0,319
2016-11-15,2016,11,15,1,320
2016-11-16,2016,11,16,4.2,321
2016-11-17,2016,11,17,0,322
2016-11-18,2016,11,18,0,323
2016-11-19,2016,11,19,0.4,324
2016-11-20,2016,11,20,14.8,325
2016-11-21,2016,11,21,5.6,326
2016-11-22,2016,11,22,0,327
2016-11-23,2016,11,23,0,328
2016-11-24,2016,11,24,6,329
2016-11-25,2016,11,25,0.4,330
2016-11-26,2016,11,26,0,331
2016-11-27,2016,11,27,0,332
2016-11-28,2016,11,28,0,333
2016-11-29,2016,11,29,1.4,334
2016-11-30,2016,11,30,12,335
2016-12-01,2016,12,01,13.2,336
2016-12-02,2016,12,02,0,337
2016-12-03,2016,12,03,0,338
2016-12-04,2016,12,04,0,339
2016-12-05,2016,12,05,8.2,340
2016-12-06,2016,12,06,0.2,341
2016-12-07,2016,12,07,1.2,342
2016-12-08,2016,12,08,3,343
2016-12-09,2016,12,09,0,344
2016-12-10,2016,12,10,0,345
2016-12-11,2016,12,11,3,346
2016-12-12,2016,12,12,9.2,347
2016-12-13,2016,12,13,0,348
2016-12-14,2016,12,14,0.8,349
2016-12-15,2016,12,15,0.2,350
2016-12-16,2016,12,16,0.2,351
2016-12-17,2016,12,17,7,352
2016-12-18,2016,12,18,6,353
2016-12-19,2016,12,19,1,354
2016-12-20,2016,12,20,0,355
2016-12-21,2016,12,21,0,356
2016-12-22,2016,12,22,6.2,357
2016-12-23,2016,12,23,0,358
2016-12-24,2016,12,24,1.8,359
2016-12-25,2016,12,25,0,360
2016-12-26,2016,12,26,16.4,361
2016-12-27,2016,12,27,1.6,362
2016-12-28,2016,12,28,0,363
2016-12-29,2016,12,29,6.6,364
2016-12-30,2016,12,30,0,365
2016-12-31,2016,12,31,9.6,366
2017-01-01,2017,01,01,0.2,1
2017-01-02,2017,01,02,0,2
2017-01-03,2017,01,03,19,3
2017-01-04,2017,01,04,5.4,4
2017-01-05,2017,01,05,0.2,5
2017-01-06,2017,01,06,0,6
2017-01-07,2017,01,07,0,7
2017-01-08,2017,01,08,0,8
2017-01-09,2017,01,09,0,9
2017-01-10,2017,01,10,14.4,10
2017-01-11,2017,01,11,1.4,11
2017-01-12,2017,01,12,2.6,12
2017-01-13,2017,01,13,0.2,13
2017-01-14,2017,01,14,0,14
2017-01-15,2017,01,15,0,15
2017-01-16,2017,01,16,0,16
2017-01-17,2017,01,17,3,17
2017-01-18,2017,01,18,2.4,18
2017-01-19,2017,01,19,0,19
2017-01-20,2017,01,20,0,20
2017-01-21,2017,01,21,0,21
2017-01-22,2017,01,22,0.4,22
2017-01-23,2017,01,23,0,23
2017-01-24,2017,01,24,5.4,24
2017-01-25,2017,01,25,0.2,25
2017-01-26,2017,01,26,0.6,26
2017-01-27,2017,01,27,1,27
2017-01-28,2017,01,28,1.2,28
2017-01-29,2017,01,29,1.6,29
2017-01-30,2017,01,30,0,30
2017-01-31,2017,01,31,0,31
2017-02-01,2017,02,01,0.6,32
2017-02-02,2017,02,02,1.8,33
2017-02-03,2017,02,03,0,34
2017-02-04,2017,02,04,0,35
2017-02-05,2017,02,05,2.2,36
2017-02-06,2017,02,06,1.8,37
2017-02-07,2017,02,07,12.2,38
2017-02-08,2017,02,08,1.6,39
2017-02-09,2017,02,09,0,40
2017-02-10,2017,02,10,1.6,41
2017-02-11,2017,02,11,0.4,42
2017-02-12,2017,02,12,18.6,43
2017-02-13,2017,02,13,1,44
2017-02-14,2017,02,14,3.4,45
2017-02-15,2017,02,15,12,46
2017-02-16,2017,02,16,1.2,47
2017-02-17,2017,02,17,0,48
2017-02-18,2017,02,18,0,49
2017-02-19,2017,02,19,0,50
2017-02-20,2017,02,20,0,51
2017-02-21,2017,02,21,1.8,52
2017-02-22,2017,02,22,0,53
2017-02-23,2017,02,23,0.4,54
2017-02-24,2017,02,24,2.8,55
2017-02-25,2017,02,25,17,56
2017-02-26,2017,02,26,0,57
2017-02-27,2017,02,27,0,58
2017-02-28,2017,02,28,0.8,59
2017-03-01,2017,03,01,22.8,60
2017-03-02,2017,03,02,0.4,61
2017-03-03,2017,03,03,0.2,62
2017-03-04,2017,03,04,0,63
2017-03-05,2017,03,05,0,64
2017-03-06,2017,03,06,1.4,65
2017-03-07,2017,03,07,7.4,66
2017-03-08,2017,03,08,1.8,67
2017-03-09,2017,03,09,0,68
2017-03-10,2017,03,10,0,69
2017-03-11,2017,03,11,0,70
2017-03-12,2017,03,12,0,71
2017-03-13,2017,03,13,0,72
2017-03-14,2017,03,14,7.8,73
2017-03-15,2017,03,15,7,74
2017-03-16,2017,03,16,0,75
2017-03-17,2017,03,17,0,76
2017-03-18,2017,03,18,0,77
2017-03-19,2017,03,19,0,78
2017-03-20,2017,03,20,0,79
2017-03-21,2017,03,21,2,80
2017-03-22,2017,03,22,0,81
2017-03-23,2017,03,23,0,82
2017-03-24,2017,03,24,16.8,83
2017-03-25,2017,03,25,0,84
2017-03-26,2017,03,26,0.8,85
2017-03-27,2017,03,27,9,86
2017-03-28,2017,03,28,3.2,87
2017-03-29,2017,03,29,0,88
2017-03-30,2017,03,30,0,89
2017-03-31,2017,03,31,6.2,90
2017-04-01,2017,04,01,0.2,91
2017-04-02,2017,04,02,0,92
2017-04-03,2017,04,03,0.4,93
2017-04-04,2017,04,04,26.4,94
2017-04-05,2017,04,05,1.4,95
2017-04-06,2017,04,06,36,96
2017-04-07,2017,04,07,2,97
2017-04-08,2017,04,08,0,98
2017-04-09,2017,04,09,0,99
2017-04-10,2017,04,10,1.2,100
2017-04-11,2017,04,11,3.8,101
2017-04-12,2017,04,12,0.2,102
2017-04-13,2017,04,13,0,103
2017-04-14,2017,04,14,0,104
2017-04-15,2017,04,15,20,105
2017-04-16,2017,04,16,8.2,106
2017-04-17,2017,04,17,0,107
2017-04-18,2017,04,18,0,108
2017-04-19,2017,04,19,9.6,109
2017-04-20,2017,04,20,1.2,110
2017-04-21,2017,04,21,10.4,111
2017-04-22,2017,04,22,0.2,112
2017-04-23,2017,04,23,0,113
2017-04-24,2017,04,24,0,114
2017-04-25,2017,04,25,3,115
2017-04-26,2017,04,26,0.2,116
2017-04-27,2017,04,27,11.6,117
2017-04-28,2017,04,28,0.8,118
2017-04-29,2017,04,29,0,119
2017-04-30,2017,04,30,11,120
2017-05-01,2017,05,01,45.4,121
2017-05-02,2017,05,02,0.8,122
2017-05-03,2017,05,03,0.2,123
2017-05-04,2017,05,04,3.2,124
2017-05-05,2017,05,05,40.4,125
2017-05-06,2017,05,06,20,126
2017-05-07,2017,05,07,2.6,127
2017-05-08,2017,05,08,0.6,128
2017-05-09,2017,05,09,0,129
2017-05-10,2017,05,10,0,130
2017-05-11,2017,05,11,0,131
2017-05-12,2017,05,12,0,132
2017-05-13,2017,05,13,1.2,133
2017-05-14,2017,05,14,3.2,134
2017-05-15,2017,05,15,0,135
2017-05-16,2017,05,16,0,136
2017-05-17,2017,05,17,0,137
2017-05-18,2017,05,18,0.2,138
2017-05-19,2017,05,19,0,139
2017-05-20,2017,05,20,0,140
2017-05-21,2017,05,21,6.2,141
2017-05-22,2017,05,22,4.8,142
2017-05-23,2017,05,23,0,143
2017-05-24,2017,05,24,0.6,144
2017-05-25,2017,05,25,11,145
2017-05-26,2017,05,26,3,146
2017-05-27,2017,05,27,0,147
2017-05-28,2017,05,28,0,148
2017-05-29,2017,05,29,29.2,149
2017-05-30,2017,05,30,3.8,150
2017-05-31,2017,05,31,1.2,151
2017-06-01,2017,06,01,0.6,152
2017-06-02,2017,06,02,0.2,153
2017-06-03,2017,06,03,0,154
2017-06-04,2017,06,04,1,155
2017-06-05,2017,06,05,8.6,156
2017-06-06,2017,06,06,18.6,157
2017-06-07,2017,06,07,0,158
2017-06-08,2017,06,08,0,159
2017-06-09,2017,06,09,0,160
2017-06-10,2017,06,10,0,161
2017-06-11,2017,06,11,0,162
2017-06-12,2017,06,12,0,163
2017-06-13,2017,06,13,0,164
2017-06-14,2017,06,14,0,165
2017-06-15,2017,06,15,14,166
2017-06-16,2017,06,16,4.2,167
2017-06-17,2017,06,17,0,168
2017-06-18,2017,06,18,0.8,169
2017-06-19,2017,06,19,0,170
2017-06-20,2017,06,20,3.8,171
2017-06-21,2017,06,21,3,172
2017-06-22,2017,06,22,3.4,173
2017-06-23,2017,06,23,9.4,174
2017-06-24,2017,06,24,1.8,175
2017-06-25,2017,06,25,12.8,176
2017-06-26,2017,06,26,0.2,177
2017-06-27,2017,06,27,7.2,178
2017-06-28,2017,06,28,3.8,179
2017-06-29,2017,06,29,32.4,180
2017-06-30,2017,06,30,4.2,181
2017-07-01,2017,07,01,42,182
2017-07-02,2017,07,02,12.6,183
2017-07-03,2017,07,03,0,184
2017-07-04,2017,07,04,0,185
2017-07-05,2017,07,05,0,186
2017-07-06,2017,07,06,0,187
2017-07-07,2017,07,07,10.8,188
2017-07-08,2017,07,08,21.6,189
2017-07-09,2017,07,09,11.4,190
2017-07-10,2017,07,10,6.2,191
2017-07-11,2017,07,11,4.4,192
2017-07-12,2017,07,12,0.6,193
2017-07-13,2017,07,13,11.6,194
2017-07-14,2017,07,14,42.6,195
2017-07-15,2017,07,15,0.6,196
2017-07-16,2017,07,16,0,197
2017-07-17,2017,07,17,1.6,198
2017-07-18,2017,07,18,0,199
2017-07-19,2017,07,19,0,200
2017-07-20,2017,07,20,0,201
2017-07-21,2017,07,21,0,202
2017-07-22,2017,07,22,0,203
2017-07-23,2017,07,23,0.6,204
2017-07-24,2017,07,24,79,205
2017-07-25,2017,07,25,2,206
2017-07-26,2017,07,26,0.4,207
2017-07-27,2017,07,27,1.8,208
2017-07-28,2017,07,28,0,209
2017-07-29,2017,07,29,0,210
2017-07-30,2017,07,30,0,211
2017-07-31,2017,07,31,0,212
2017-08-01,2017,08,01,0,213
2017-08-02,2017,08,02,0,214
2017-08-03,2017,08,03,0,215
2017-08-04,2017,08,04,4.6,216
2017-08-05,2017,08,05,1.8,217
2017-08-06,2017,08,06,0,218
2017-08-07,2017,08,07,0,219
2017-08-08,2017,08,08,0,220
2017-08-09,2017,08,09,0,221
2017-08-10,2017,08,10,1.4,222
2017-08-11,2017,08,11,1,223
2017-08-12,2017,08,12,14.6,224
2017-08-13,2017,08,13,0,225
2017-08-14,2017,08,14,0.8,226
2017-08-15,2017,08,15,0.4,227
2017-08-16,2017,08,16,0,228
2017-08-17,2017,08,17,1.8,229
2017-08-18,2017,08,18,18,230
2017-08-19,2017,08,19,0.8,231
2017-08-20,2017,08,20,0,232
2017-08-21,2017,08,21,0,233
2017-08-22,2017,08,22,30.2,234
2017-08-23,2017,08,23,0,235
2017-08-24,2017,08,24,0,236
2017-08-25,2017,08,25,0,237
2017-08-26,2017,08,26,0,238
2017-08-27,2017,08,27,0,239
2017-08-28,2017,08,28,0,240
2017-08-29,2017,08,29,0,241
2017-08-30,2017,08,30,0.2,242
2017-08-31,2017,08,31,0,243
2017-09-01,2017,09,01,0,244
2017-09-02,2017,09,02,0,245
2017-09-03,2017,09,03,8.4,246
2017-09-04,2017,09,04,11.2,247
2017-09-05,2017,09,05,0.6,248
2017-09-06,2017,09,06,0,249
2017-09-07,2017,09,07,21.8,250
2017-09-08,2017,09,08,2.2,251
2017-09-09,2017,09,09,0,252
2017-09-10,2017,09,10,0,253
2017-09-11,2017,09,11,0,254
2017-09-12,2017,09,12,0,255
2017-09-13,2017,09,13,0,256
2017-09-14,2017,09,14,0,257
2017-09-15,2017,09,15,0,258
2017-09-16,2017,09,16,0,259
2017-09-17,2017,09,17,0,260
2017-09-18,2017,09,18,0,261
2017-09-19,2017,09,19,0,262
2017-09-20,2017,09,20,0,263
2017-09-21,2017,09,21,0,264
2017-09-22,2017,09,22,0,265
2017-09-23,2017,09,23,0,266
2017-09-24,2017,09,24,0,267
2017-09-25,2017,09,25,0,268
2017-09-26,2017,09,26,0,269
2017-09-27,2017,09,27,5.6,270
2017-09-28,2017,09,28,0,271
2017-09-29,2017,09,29,1,272
2017-09-30,2017,09,30,0,273
2017-10-01,2017,10,01,0,274
2017-10-02,2017,10,02,0,275
2017-10-03,2017,10,03,0,276
2017-10-04,2017,10,04,9.4,277
2017-10-05,2017,10,05,0,278
2017-10-06,2017,10,06,0,279
2017-10-07,2017,10,07,3.2,280
2017-10-08,2017,10,08,4.8,281
2017-10-09,2017,10,09,6.8,282
2017-10-10,2017,10,10,0,283
2017-10-11,2017,10,11,0,284
2017-10-12,2017,10,12,0,285
2017-10-13,2017,10,13,1,286
2017-10-14,2017,10,14,2.2,287
2017-10-15,2017,10,15,16.4,288
2017-10-16,2017,10,16,0.2,289
2017-10-17,2017,10,17,0,290
2017-10-18,2017,10,18,0,291
2017-10-19,2017,10,19,0,292
2017-10-20,2017,10,20,0,293
2017-10-21,2017,10,21,0,294
2017-10-22,2017,10,22,0,295
2017-10-23,2017,10,23,0,296
2017-10-24,2017,10,24,12.2,297
2017-10-25,2017,10,25,0,298
2017-10-26,2017,10,26,0,299
2017-10-27,2017,10,27,0,300
2017-10-28,2017,10,28,7.6,301
2017-10-29,2017,10,29,39,302
2017-10-30,2017,10,30,56,303
2017-10-31,2017,10,31,0,304
2017-11-01,2017,11,01,7.4,305
2017-11-02,2017,11,02,26.6,306
2017-11-03,2017,11,03,7.8,307
2017-11-04,2017,11,04,0,308
2017-11-05,2017,11,05,11,309
2017-11-06,2017,11,06,0.4,310
2017-11-07,2017,11,07,0,311
2017-11-08,2017,11,08,NA,312
2017-11-09,2017,11,09,2.6,313
2017-11-10,2017,11,10,0,314
2017-11-11,2017,11,11,0,315
2017-11-12,2017,11,12,0,316
2017-11-13,2017,11,13,0,317
2017-11-14,2017,11,14,0,318
2017-11-15,2017,11,15,0,319
2017-11-16,2017,11,16,3.2,320
2017-11-17,2017,11,17,0,321
2017-11-18,2017,11,18,3.8,322
2017-11-19,2017,11,19,3.2,323
2017-11-20,2017,11,20,0.2,324
2017-11-21,2017,11,21,1.6,325
2017-11-22,2017,11,22,1,326
2017-11-23,2017,11,23,0,327
2017-11-24,2017,11,24,0,328
2017-11-25,2017,11,25,8,329
2017-11-26,2017,11,26,3.6,330
2017-11-27,2017,11,27,0,331
2017-11-28,2017,11,28,0.2,332
2017-11-29,2017,11,29,0.2,333
2017-11-30,2017,11,30,4.4,334
2017-12-01,2017,12,01,0,335
2017-12-02,2017,12,02,0,336
2017-12-03,2017,12,03,0,337
2017-12-04,2017,12,04,0,338
2017-12-05,2017,12,05,5.8,339
2017-12-06,2017,12,06,0,340
2017-12-07,2017,12,07,0.4,341
2017-12-08,2017,12,08,0,342
2017-12-09,2017,12,09,1.6,343
2017-12-10,2017,12,10,0.6,344
2017-12-11,2017,12,11,0.4,345
2017-12-12,2017,12,12,9.8,346
2017-12-13,2017,12,13,0.2,347
2017-12-14,2017,12,14,0,348
2017-12-15,2017,12,15,1.8,349
2017-12-16,2017,12,16,0.6,350
2017-12-17,2017,12,17,0,351
2017-12-18,2017,12,18,4.2,352
2017-12-19,2017,12,19,6.2,353
2017-12-20,2017,12,20,0,354
2017-12-21,2017,12,21,0,355
2017-12-22,2017,12,22,1.2,356
2017-12-23,2017,12,23,6.4,357
2017-12-24,2017,12,24,0.4,358
2017-12-25,2017,12,25,5.6,359
2017-12-26,2017,12,26,0,360
2017-12-27,2017,12,27,0,361
2017-12-28,2017,12,28,0,362
2017-12-29,2017,12,29,0,363
2017-12-30,2017,12,30,0.8,364
2017-12-31,2017,12,31,0,365
2018-01-01,2018,01,01,0,1
2018-01-02,2018,01,02,1.6,2
2018-01-03,2018,01,03,0,3
2018-01-04,2018,01,04,1,4
2018-01-05,2018,01,05,0,5
2018-01-06,2018,01,06,0,6
2018-01-07,2018,01,07,5,7
2018-01-08,2018,01,08,8,8
2018-01-09,2018,01,09,0,9
2018-01-10,2018,01,10,0.6,10
2018-01-11,2018,01,11,9.6,11
2018-01-12,2018,01,12,14.6,12
2018-01-13,2018,01,13,4.8,13
2018-01-14,2018,01,14,0,14
2018-01-15,2018,01,15,0.2,15
2018-01-16,2018,01,16,2,16
2018-01-17,2018,01,17,0.4,17
2018-01-18,2018,01,18,0,18
2018-01-19,2018,01,19,0,19
2018-01-20,2018,01,20,0,20
2018-01-21,2018,01,21,0.4,21
2018-01-22,2018,01,22,8.8,22
2018-01-23,2018,01,23,2.8,23
2018-01-24,2018,01,24,0,24
2018-01-25,2018,01,25,0,25
2018-01-26,2018,01,26,0,26
2018-01-27,2018,01,27,0,27
2018-01-28,2018,01,28,0,28
2018-01-29,2018,01,29,0,29
2018-01-30,2018,01,30,0,30
2018-01-31,2018,01,31,4.8,31
2018-02-01,2018,02,01,0,32
2018-02-02,2018,02,02,0,33
2018-02-03,2018,02,03,2.4,34
2018-02-04,2018,02,04,5.2,35
2018-02-05,2018,02,05,0.4,36
2018-02-06,2018,02,06,1,37
2018-02-07,2018,02,07,6.2,38
2018-02-08,2018,02,08,0,39
2018-02-09,2018,02,09,1.6,40
2018-02-10,2018,02,10,4,41
2018-02-11,2018,02,11,3.8,42
2018-02-12,2018,02,12,0,43
2018-02-13,2018,02,13,0,44
2018-02-14,2018,02,14,0,45
2018-02-15,2018,02,15,0.8,46
2018-02-16,2018,02,16,0.2,47
2018-02-17,2018,02,17,0,48
2018-02-18,2018,02,18,0,49
2018-02-19,2018,02,19,4.2,50
2018-02-20,2018,02,20,13.6,51
2018-02-21,2018,02,21,3.8,52
2018-02-22,2018,02,22,0,53
2018-02-23,2018,02,23,5.4,54
2018-02-24,2018,02,24,0,55
2018-02-25,2018,02,25,4,56
2018-02-26,2018,02,26,0,57
2018-02-27,2018,02,27,0,58
2018-02-28,2018,02,28,0,59
2018-03-01,2018,03,01,0,60
2018-03-02,2018,03,02,0.4,61
2018-03-03,2018,03,03,0.8,62
2018-03-04,2018,03,04,0.8,63
2018-03-05,2018,03,05,0,64
2018-03-06,2018,03,06,0,65
2018-03-07,2018,03,07,2.8,66
2018-03-08,2018,03,08,7.2,67
2018-03-09,2018,03,09,3.4,68
2018-03-10,2018,03,10,0,69
2018-03-11,2018,03,11,0,70
2018-03-12,2018,03,12,0.8,71
2018-03-13,2018,03,13,9.2,72
2018-03-14,2018,03,14,8.2,73
2018-03-15,2018,03,15,0,74
2018-03-16,2018,03,16,0,75
2018-03-17,2018,03,17,0,76
2018-03-18,2018,03,18,0,77
2018-03-19,2018,03,19,0,78
2018-03-20,2018,03,20,0,79
2018-03-21,2018,03,21,0,80
2018-03-22,2018,03,22,0,81
2018-03-23,2018,03,23,0,82
2018-03-24,2018,03,24,NA,83
2018-03-25,2018,03,25,0,84
2018-03-26,2018,03,26,0,85
2018-03-27,2018,03,27,4.6,86
2018-03-28,2018,03,28,0.8,87
2018-03-29,2018,03,29,13,88
2018-03-30,2018,03,30,2.6,89
2018-03-31,2018,03,31,1,90
2018-04-01,2018,04,01,0,91
2018-04-02,2018,04,02,0,92
2018-04-03,2018,04,03,4.6,93
2018-04-04,2018,04,04,7,94
2018-04-05,2018,04,05,0,95
2018-04-06,2018,04,06,0,96
2018-04-07,2018,04,07,0,97
2018-04-08,2018,04,08,0,98
2018-04-09,2018,04,09,0,99
2018-04-10,2018,04,10,0,100
2018-04-11,2018,04,11,1,101
2018-04-12,2018,04,12,11.2,102
2018-04-13,2018,04,13,1.2,103
2018-04-14,2018,04,14,1,104
2018-04-15,2018,04,15,14.6,105
2018-04-16,2018,04,16,24.2,106
2018-04-17,2018,04,17,4.8,107
2018-04-18,2018,04,18,0.8,108
2018-04-19,2018,04,19,0,109
2018-04-20,2018,04,20,0,110
2018-04-21,2018,04,21,0,111
2018-04-22,2018,04,22,0,112
2018-04-23,2018,04,23,0,113
2018-04-24,2018,04,24,0,114
2018-04-25,2018,04,25,12.8,115
2018-04-26,2018,04,26,4.8,116
2018-04-27,2018,04,27,0,117
2018-04-28,2018,04,28,16.6,118
2018-04-29,2018,04,29,7,119
2018-04-30,2018,04,30,1.2,120
2018-05-01,2018,05,01,0,121
2018-05-02,2018,05,02,1.2,122
2018-05-03,2018,05,03,5.4,123
2018-05-04,2018,05,04,3,124
2018-05-05,2018,05,05,0,125
2018-05-06,2018,05,06,0,126
2018-05-07,2018,05,07,0,127
2018-05-08,2018,05,08,0,128
2018-05-09,2018,05,09,0,129
2018-05-10,2018,05,10,2,130
2018-05-11,2018,05,11,0,131
2018-05-12,2018,05,12,0,132
2018-05-13,2018,05,13,0,133
2018-05-14,2018,05,14,0,134
2018-05-15,2018,05,15,0.2,135
2018-05-16,2018,05,16,0,136
2018-05-17,2018,05,17,0,137
2018-05-18,2018,05,18,0,138
2018-05-19,2018,05,19,9.4,139
2018-05-20,2018,05,20,16.2,140
2018-05-21,2018,05,21,0,141
2018-05-22,2018,05,22,4.2,142
2018-05-23,2018,05,23,0,143
2018-05-24,2018,05,24,0,144
2018-05-25,2018,05,25,5.4,145
2018-05-26,2018,05,26,2.8,146
2018-05-27,2018,05,27,0,147
2018-05-28,2018,05,28,1,148
2018-05-29,2018,05,29,0,149
2018-05-30,2018,05,30,0,150
2018-05-31,2018,05,31,1.4,151
2018-06-01,2018,06,01,0.2,152
2018-06-02,2018,06,02,0,153
2018-06-03,2018,06,03,20.2,154
2018-06-04,2018,06,04,29.8,155
2018-06-05,2018,06,05,1.6,156
2018-06-06,2018,06,06,1.4,157
2018-06-07,2018,06,07,0,158
2018-06-08,2018,06,08,0,159
2018-06-09,2018,06,09,0,160
2018-06-10,2018,06,10,0,161
2018-06-11,2018,06,11,0,162
2018-06-12,2018,06,12,0,163
2018-06-13,2018,06,13,7.6,164
2018-06-14,2018,06,14,2,165
2018-06-15,2018,06,15,0,166
2018-06-16,2018,06,16,0,167
2018-06-17,2018,06,17,0,168
2018-06-18,2018,06,18,2.2,169
2018-06-19,2018,06,19,0,170
2018-06-20,2018,06,20,0,171
2018-06-21,2018,06,21,0,172
2018-06-22,2018,06,22,0,173
2018-06-23,2018,06,23,2.6,174
2018-06-24,2018,06,24,0.8,175
2018-06-25,2018,06,25,0,176
2018-06-26,2018,06,26,0,177
2018-06-27,2018,06,27,1.2,178
2018-06-28,2018,06,28,0.6,179
2018-06-29,2018,06,29,0,180
2018-06-30,2018,06,30,0.2,181
2018-07-01,2018,07,01,0,182
2018-07-02,2018,07,02,0.6,183
2018-07-03,2018,07,03,0,184
2018-07-04,2018,07,04,0,185
2018-07-05,2018,07,05,0,186
2018-07-06,2018,07,06,NA,187
2018-07-07,2018,07,07,0,188
2018-07-08,2018,07,08,0,189
2018-07-09,2018,07,09,0,190
2018-07-10,2018,07,10,0,191
2018-07-11,2018,07,11,0,192
2018-07-12,2018,07,12,0,193
2018-07-13,2018,07,13,0,194
2018-07-14,2018,07,14,5.4,195
2018-07-15,2018,07,15,0,196
2018-07-16,2018,07,16,0.8,197
2018-07-17,2018,07,17,4.6,198
2018-07-18,2018,07,18,0,199
2018-07-19,2018,07,19,0,200
2018-07-20,2018,07,20,0,201
2018-07-21,2018,07,21,0,202
2018-07-22,2018,07,22,16.6,203
2018-07-23,2018,07,23,43,204
2018-07-24,2018,07,24,9.8,205
2018-07-25,2018,07,25,61.4,206
2018-07-26,2018,07,26,0,207
2018-07-27,2018,07,27,8.4,208
2018-07-28,2018,07,28,21.2,209
2018-07-29,2018,07,29,9,210
2018-07-30,2018,07,30,0,211
2018-07-31,2018,07,31,0,212
2018-08-01,2018,08,01,0.6,213
2018-08-02,2018,08,02,0,214
2018-08-03,2018,08,03,0,215
2018-08-04,2018,08,04,0,216
2018-08-05,2018,08,05,0,217
2018-08-06,2018,08,06,38.4,218
2018-08-07,2018,08,07,5.4,219
2018-08-08,2018,08,08,6.4,220
2018-08-09,2018,08,09,0,221
2018-08-10,2018,08,10,0,222
2018-08-11,2018,08,11,0,223
2018-08-12,2018,08,12,0,224
2018-08-13,2018,08,13,0,225
2018-08-14,2018,08,14,1.4,226
2018-08-15,2018,08,15,0.4,227
2018-08-16,2018,08,16,0,228
2018-08-17,2018,08,17,2.2,229
2018-08-18,2018,08,18,0,230
2018-08-19,2018,08,19,0,231
2018-08-20,2018,08,20,0,232
2018-08-21,2018,08,21,16,233
2018-08-22,2018,08,22,8.8,234
2018-08-23,2018,08,23,0,235
2018-08-24,2018,08,24,0,236
2018-08-25,2018,08,25,0.6,237
2018-08-26,2018,08,26,4,238
2018-08-27,2018,08,27,0.4,239
2018-08-28,2018,08,28,0,240
2018-08-29,2018,08,29,17.8,241
2018-08-30,2018,08,30,0,242
2018-08-31,2018,08,31,0,243
2018-09-01,2018,09,01,0.2,244
2018-09-02,2018,09,02,3,245
2018-09-03,2018,09,03,0,246
2018-09-04,2018,09,04,0.4,247
2018-09-05,2018,09,05,1.8,248
2018-09-06,2018,09,06,0,249
2018-09-07,2018,09,07,0,250
2018-09-08,2018,09,08,0,251
2018-09-09,2018,09,09,0,252
2018-09-10,2018,09,10,4.8,253
2018-09-11,2018,09,11,0.8,254
2018-09-12,2018,09,12,0,255
2018-09-13,2018,09,13,0,256
2018-09-14,2018,09,14,0,257
2018-09-15,2018,09,15,0,258
2018-09-16,2018,09,16,0,259
2018-09-17,2018,09,17,0,260
2018-09-18,2018,09,18,0,261
2018-09-19,2018,09,19,0,262
2018-09-20,2018,09,20,1,263
2018-09-21,2018,09,21,31.6,264
2018-09-22,2018,09,22,0,265
2018-09-23,2018,09,23,0,266
2018-09-24,2018,09,24,0,267
2018-09-25,2018,09,25,9.8,268
2018-09-26,2018,09,26,8.6,269
2018-09-27,2018,09,27,0,270
2018-09-28,2018,09,28,3.4,271
2018-09-29,2018,09,29,2.4,272
2018-09-30,2018,09,30,1,273
2018-10-01,2018,10,01,2.4,274
2018-10-02,2018,10,02,9.4,275
2018-10-03,2018,10,03,0,276
2018-10-04,2018,10,04,5.4,277
2018-10-05,2018,10,05,0,278
2018-10-06,2018,10,06,0,279
2018-10-07,2018,10,07,0,280
2018-10-08,2018,10,08,5.4,281
2018-10-09,2018,10,09,0,282
2018-10-10,2018,10,10,0.4,283
2018-10-11,2018,10,11,4.8,284
2018-10-12,2018,10,12,0,285
2018-10-13,2018,10,13,0,286
2018-10-14,2018,10,14,0,287
2018-10-15,2018,10,15,3.2,288
2018-10-16,2018,10,16,0,289
2018-10-17,2018,10,17,0.4,290
2018-10-18,2018,10,18,0,291
2018-10-19,2018,10,19,0,292
2018-10-20,2018,10,20,1.2,293
2018-10-21,2018,10,21,0,294
2018-10-22,2018,10,22,0,295
2018-10-23,2018,10,23,0,296
2018-10-24,2018,10,24,0,297
2018-10-25,2018,10,25,0,298
2018-10-26,2018,10,26,0,299
2018-10-27,2018,10,27,7.6,300
2018-10-28,2018,10,28,4,301
2018-10-29,2018,10,29,2.2,302
2018-10-30,2018,10,30,0,303
2018-10-31,2018,10,31,12.2,304
2018-11-01,2018,11,01,8.8,305
2018-11-02,2018,11,02,8.8,306
2018-11-03,2018,11,03,2.2,307
2018-11-04,2018,11,04,0,308
2018-11-05,2018,11,05,1.9,309
2018-11-06,2018,11,06,6.6,310
2018-11-07,2018,11,07,1.6,311
2018-11-08,2018,11,08,0,312
2018-11-09,2018,11,09,8.7,313
2018-11-10,2018,11,10,0.2,314
2018-11-11,2018,11,11,0,315
2018-11-12,2018,11,12,2.2,316
2018-11-13,2018,11,13,5.6,317
2018-11-14,2018,11,14,0.2,318
2018-11-15,2018,11,15,2.3,319
2018-11-16,2018,11,16,9.6,320
2018-11-17,2018,11,17,1,321
2018-11-18,2018,11,18,0,322
2018-11-19,2018,11,19,2.8,323
2018-11-20,2018,11,20,2.4,324
2018-11-21,2018,11,21,2,325
2018-11-22,2018,11,22,0,326
2018-11-23,2018,11,23,0,327
2018-11-24,2018,11,24,1.1,328
2018-11-25,2018,11,25,6.6,329
2018-11-26,2018,11,26,13.2,330
2018-11-27,2018,11,27,8.6,331
2018-11-28,2018,11,28,3.2,332
2018-11-29,2018,11,29,0,333
2018-11-30,2018,11,30,0,334
2018-12-01,2018,12,01,0,335
2018-12-02,2018,12,02,9,336
2018-12-03,2018,12,03,2.8,337
2018-12-04,2018,12,04,0,338
2018-12-05,2018,12,05,1.8,339
2018-12-06,2018,12,06,0,340
2018-12-07,2018,12,07,0,341
2018-12-08,2018,12,08,0,342
2018-12-09,2018,12,09,0,343
2018-12-10,2018,12,10,0,344
2018-12-11,2018,12,11,3,345
2018-12-12,2018,12,12,0,346
2018-12-13,2018,12,13,0,347
2018-12-14,2018,12,14,10,348
2018-12-15,2018,12,15,0,349
2018-12-16,2018,12,16,0,350
2018-12-17,2018,12,17,0.4,351
2018-12-18,2018,12,18,0,352
2018-12-19,2018,12,19,0,353
2018-12-20,2018,12,20,1.6,354
2018-12-21,2018,12,21,14.2,355
2018-12-22,2018,12,22,5.6,356
2018-12-23,2018,12,23,0,357
2018-12-24,2018,12,24,0.8,358
2018-12-25,2018,12,25,0,359
2018-12-26,2018,12,26,0.2,360
2018-12-27,2018,12,27,0,361
2018-12-28,2018,12,28,15.4,362
2018-12-29,2018,12,29,1.4,363
2018-12-30,2018,12,30,0.2,364
2018-12-31,2018,12,31,4.6,365
2019-01-01,2019,01,01,6,1
2019-01-02,2019,01,02,1.2,2
2019-01-03,2019,01,03,3,3
2019-01-04,2019,01,04,1,4
2019-01-05,2019,01,05,0,5
2019-01-06,2019,01,06,0,6
2019-01-07,2019,01,07,3.6,7
2019-01-08,2019,01,08,1.8,8
2019-01-09,2019,01,09,1.6,9
2019-01-10,2019,01,10,0.6,10
2019-01-11,2019,01,11,0,11
2019-01-12,2019,01,12,0,12
2019-01-13,2019,01,13,0,13
2019-01-14,2019,01,14,0,14
2019-01-15,2019,01,15,0.2,15
2019-01-16,2019,01,16,0.6,16
2019-01-17,2019,01,17,0,17
2019-01-18,2019,01,18,1.6,18
2019-01-19,2019,01,19,2,19
2019-01-20,2019,01,20,12,20
2019-01-21,2019,01,21,0,21
2019-01-22,2019,01,22,0,22
2019-01-23,2019,01,23,15.6,23
2019-01-24,2019,01,24,6.4,24
2019-01-25,2019,01,25,0.2,25
2019-01-26,2019,01,26,0,26
2019-01-27,2019,01,27,2.2,27
2019-01-28,2019,01,28,0,28
2019-01-29,2019,01,29,4,29
2019-01-30,2019,01,30,0,30
2019-01-31,2019,01,31,0,31
2019-02-01,2019,02,01,0,32
2019-02-02,2019,02,02,7.8,33
2019-02-03,2019,02,03,6.6,34
2019-02-04,2019,02,04,5,35
2019-02-05,2019,02,05,1.4,36
2019-02-06,2019,02,06,2.4,37
2019-02-07,2019,02,07,0,38
2019-02-08,2019,02,08,0.4,39
2019-02-09,2019,02,09,0,40
2019-02-10,2019,02,10,0,41
2019-02-11,2019,02,11,0,42
2019-02-12,2019,02,12,11.2,43
2019-02-13,2019,02,13,5.8,44
2019-02-14,2019,02,14,0,45
2019-02-15,2019,02,15,1.8,46
2019-02-16,2019,02,16,0,47
2019-02-17,2019,02,17,0,48
2019-02-18,2019,02,18,0,49
2019-02-19,2019,02,19,0,50
2019-02-20,2019,02,20,3.6,51
2019-02-21,2019,02,21,2,52
2019-02-22,2019,02,22,0,53
2019-02-23,2019,02,23,0,54
2019-02-24,2019,02,24,12.4,55
2019-02-25,2019,02,25,0,56
2019-02-26,2019,02,26,0,57
2019-02-27,2019,02,27,0,58
2019-02-28,2019,02,28,0,59
2019-03-01,2019,03,01,0,60
2019-03-02,2019,03,02,0.6,61
2019-03-03,2019,03,03,NA,62
2019-03-04,2019,03,04,0,63
2019-03-05,2019,03,05,0.8,64
2019-03-06,2019,03,06,0,65
2019-03-07,2019,03,07,0,66
2019-03-08,2019,03,08,0,67
2019-03-09,2019,03,09,0,68
2019-03-10,2019,03,10,9,69
2019-03-11,2019,03,11,0.6,70
2019-03-12,2019,03,12,0.2,71
2019-03-13,2019,03,13,3.8,72
2019-03-14,2019,03,14,0.8,73
2019-03-15,2019,03,15,1.4,74
2019-03-16,2019,03,16,0.2,75
2019-03-17,2019,03,17,0,76
2019-03-18,2019,03,18,0,77
2019-03-19,2019,03,19,0,78
2019-03-20,2019,03,20,0,79
2019-03-21,2019,03,21,6.6,80
2019-03-22,2019,03,22,9.2,81
2019-03-23,2019,03,23,0,82
2019-03-24,2019,03,24,0.2,83
2019-03-25,2019,03,25,0,84
2019-03-26,2019,03,26,0,85
2019-03-27,2019,03,27,0,86
2019-03-28,2019,03,28,0,87
2019-03-29,2019,03,29,0,88
2019-03-30,2019,03,30,14.6,89
2019-03-31,2019,03,31,10.8,90
2019-04-01,2019,04,01,0,91
2019-04-02,2019,04,02,0,92
2019-04-03,2019,04,03,0,93
2019-04-04,2019,04,04,0,94
2019-04-05,2019,04,05,3.6,95
2019-04-06,2019,04,06,0,96
2019-04-07,2019,04,07,3.2,97
2019-04-08,2019,04,08,5,98
2019-04-09,2019,04,09,9.4,99
2019-04-10,2019,04,10,0,100
2019-04-11,2019,04,11,0,101
2019-04-12,2019,04,12,0.6,102
2019-04-13,2019,04,13,0,103
2019-04-14,2019,04,14,23.8,104
2019-04-15,2019,04,15,8.4,105
2019-04-16,2019,04,16,0,106
2019-04-17,2019,04,17,0,107
2019-04-18,2019,04,18,5,108
2019-04-19,2019,04,19,35.4,109
2019-04-20,2019,04,20,6,110
2019-04-21,2019,04,21,0,111
2019-04-22,2019,04,22,0,112
2019-04-23,2019,04,23,10.2,113
2019-04-24,2019,04,24,2.6,114
2019-04-25,2019,04,25,0,115
2019-04-26,2019,04,26,13.4,116
2019-04-27,2019,04,27,0,117
2019-04-28,2019,04,28,0,118
2019-04-29,2019,04,29,0,119
2019-04-30,2019,04,30,0,120
2019-05-01,2019,05,01,7.8,121
2019-05-02,2019,05,02,2,122
2019-05-03,2019,05,03,4.8,123
2019-05-04,2019,05,04,0,124
2019-05-05,2019,05,05,0,125
2019-05-06,2019,05,06,0,126
2019-05-07,2019,05,07,0,127
2019-05-08,2019,05,08,0,128
2019-05-09,2019,05,09,7.6,129
2019-05-10,2019,05,10,21.2,130
2019-05-11,2019,05,11,0,131
2019-05-12,2019,05,12,0,132
2019-05-13,2019,05,13,8.4,133
2019-05-14,2019,05,14,7.2,134
2019-05-15,2019,05,15,0.6,135
2019-05-16,2019,05,16,1.8,136
2019-05-17,2019,05,17,1.2,137
2019-05-18,2019,05,18,1,138
2019-05-19,2019,05,19,8.4,139
2019-05-20,2019,05,20,0,140
2019-05-21,2019,05,21,0,141
2019-05-22,2019,05,22,0,142
2019-05-23,2019,05,23,6.4,143
2019-05-24,2019,05,24,0,144
2019-05-25,2019,05,25,4,145
2019-05-26,2019,05,26,0,146
2019-05-27,2019,05,27,0,147
2019-05-28,2019,05,28,6.6,148
2019-05-29,2019,05,29,0,149
2019-05-30,2019,05,30,0,150
2019-05-31,2019,05,31,0,151
2019-06-01,2019,06,01,0.2,152
2019-06-02,2019,06,02,4.6,153
2019-06-03,2019,06,03,0.4,154
2019-06-04,2019,06,04,2,155
2019-06-05,2019,06,05,0.4,156
2019-06-06,2019,06,06,0,157
2019-06-07,2019,06,07,0,158
2019-06-08,2019,06,08,0,159
2019-06-09,2019,06,09,0,160
2019-06-10,2019,06,10,18.4,161
2019-06-11,2019,06,11,4.3,162
2019-06-12,2019,06,12,0,163
2019-06-13,2019,06,13,15.3,164
2019-06-14,2019,06,14,4.3,165
2019-06-15,2019,06,15,9.6,166
2019-06-16,2019,06,16,0,167
2019-06-17,2019,06,17,0,168
2019-06-18,2019,06,18,0,169
2019-06-19,2019,06,19,6.3,170
2019-06-20,2019,06,20,2.9,171
2019-06-21,2019,06,21,0,172
2019-06-22,2019,06,22,0,173
2019-06-23,2019,06,23,0,174
2019-06-24,2019,06,24,0,175
2019-06-25,2019,06,25,6.8,176
2019-06-26,2019,06,26,3.3,177
2019-06-27,2019,06,27,13.6,178
2019-06-28,2019,06,28,9.2,179
2019-06-29,2019,06,29,8.6,180
2019-06-30,2019,06,30,1.2,181
2019-07-01,2019,07,01,0,182
2019-07-02,2019,07,02,0,183
2019-07-03,2019,07,03,0,184
2019-07-04,2019,07,04,0,185
2019-07-05,2019,07,05,14.8,186
2019-07-06,2019,07,06,0,187
2019-07-07,2019,07,07,0,188
2019-07-08,2019,07,08,0,189
2019-07-09,2019,07,09,0,190
2019-07-10,2019,07,10,0,191
2019-07-11,2019,07,11,18.9,192
2019-07-12,2019,07,12,0,193
2019-07-13,2019,07,13,2.7,194
2019-07-14,2019,07,14,0,195
2019-07-15,2019,07,15,0,196
2019-07-16,2019,07,16,0,197
2019-07-17,2019,07,17,0,198
2019-07-18,2019,07,18,0,199
2019-07-19,2019,07,19,0,200
2019-07-20,2019,07,20,1.8,201
2019-07-21,2019,07,21,0,202
2019-07-22,2019,07,22,0,203
2019-07-23,2019,07,23,0,204
2019-07-24,2019,07,24,0,205
2019-07-25,2019,07,25,0,206
2019-07-26,2019,07,26,0,207
2019-07-27,2019,07,27,0,208
2019-07-28,2019,07,28,12.9,209
2019-07-29,2019,07,29,0.2,210
2019-07-30,2019,07,30,0.8,211
2019-07-31,2019,07,31,0,212
2019-08-01,2019,08,01,0,213
2019-08-02,2019,08,02,0,214
2019-08-03,2019,08,03,0,215
2019-08-04,2019,08,04,0,216
2019-08-05,2019,08,05,0,217
2019-08-06,2019,08,06,5.7,218
2019-08-07,2019,08,07,0,219
2019-08-08,2019,08,08,3.6,220
2019-08-09,2019,08,09,0.9,221
2019-08-10,2019,08,10,0,222
2019-08-11,2019,08,11,0,223
2019-08-12,2019,08,12,8.7,224
2019-08-13,2019,08,13,0,225
2019-08-14,2019,08,14,0,226
2019-08-15,2019,08,15,0.3,227
2019-08-16,2019,08,16,0,228
2019-08-17,2019,08,17,3.3,229
2019-08-18,2019,08,18,5.4,230
2019-08-19,2019,08,19,0.2,231
2019-08-20,2019,08,20,0,232
2019-08-21,2019,08,21,1.8,233
2019-08-22,2019,08,22,0,234
2019-08-23,2019,08,23,0,235
2019-08-24,2019,08,24,0,236
2019-08-25,2019,08,25,0,237
2019-08-26,2019,08,26,0,238
2019-08-27,2019,08,27,0,239
2019-08-28,2019,08,28,17.8,240
2019-08-29,2019,08,29,0.9,241
2019-08-30,2019,08,30,4.1,242
2019-08-31,2019,08,31,0,243
2019-09-01,2019,09,01,2.7,244
2019-09-02,2019,09,02,1.1,245
2019-09-03,2019,09,03,3.7,246
2019-09-04,2019,09,04,7.3,247
2019-09-05,2019,09,05,0,248
2019-09-06,2019,09,06,7.6,249
2019-09-07,2019,09,07,0.6,250
2019-09-08,2019,09,08,0,251
2019-09-09,2019,09,09,0,252
2019-09-10,2019,09,10,3.1,253
2019-09-11,2019,09,11,1.3,254
2019-09-12,2019,09,12,0,255
2019-09-13,2019,09,13,4.8,256
2019-09-14,2019,09,14,1.9,257
2019-09-15,2019,09,15,0.2,258
2019-09-16,2019,09,16,0,259
2019-09-17,2019,09,17,0,260
2019-09-18,2019,09,18,0,261
2019-09-19,2019,09,19,0,262
2019-09-20,2019,09,20,0,263
2019-09-21,2019,09,21,0,264
2019-09-22,2019,09,22,0,265
2019-09-23,2019,09,23,11.1,266
2019-09-24,2019,09,24,0.7,267
2019-09-25,2019,09,25,0,268
2019-09-26,2019,09,26,8.3,269
2019-09-27,2019,09,27,1.2,270
2019-09-28,2019,09,28,4.7,271
2019-09-29,2019,09,29,0,272
2019-09-30,2019,09,30,4.1,273
2019-10-01,2019,10,01,4.1,274
2019-10-02,2019,10,02,0,275
2019-10-03,2019,10,03,2.7,276
2019-10-04,2019,10,04,0.3,277
2019-10-05,2019,10,05,0,278
2019-10-06,2019,10,06,0.9,279
2019-10-07,2019,10,07,0,280
2019-10-08,2019,10,08,0,281
2019-10-09,2019,10,09,0,282
2019-10-10,2019,10,10,0,283
2019-10-11,2019,10,11,0,284
2019-10-12,2019,10,12,1.6,285
2019-10-13,2019,10,13,0,286
2019-10-14,2019,10,14,0.6,287
2019-10-15,2019,10,15,0,288
2019-10-16,2019,10,16,16.2,289
2019-10-17,2019,10,17,15,290
2019-10-18,2019,10,18,0,291
2019-10-19,2019,10,19,0,292
2019-10-20,2019,10,20,0,293
2019-10-21,2019,10,21,0,294
2019-10-22,2019,10,22,21.8,295
2019-10-23,2019,10,23,0,296
2019-10-24,2019,10,24,0.2,297
2019-10-25,2019,10,25,0,298
2019-10-26,2019,10,26,0,299
2019-10-27,2019,10,27,29.5,300
2019-10-28,2019,10,28,0,301
2019-10-29,2019,10,29,0,302
2019-10-30,2019,10,30,3.3,303
2019-10-31,2019,10,31,35.2,304
2019-11-01,2019,11,01,0.2,305
2019-11-02,2019,11,02,4.4,306
2019-11-03,2019,11,03,0.6,307
2019-11-04,2019,11,04,0,308
2019-11-05,2019,11,05,0,309
2019-11-06,2019,11,06,0,310
2019-11-07,2019,11,07,3.9,311
2019-11-08,2019,11,08,0,312
2019-11-09,2019,11,09,0.6,313
2019-11-10,2019,11,10,0,314
2019-11-11,2019,11,11,6.4,315
2019-11-12,2019,11,12,1.6,316
2019-11-13,2019,11,13,0,317
2019-11-14,2019,11,14,2.2,318
2019-11-15,2019,11,15,0.5,319
2019-11-16,2019,11,16,0,320
2019-11-17,2019,11,17,0,321
2019-11-18,2019,11,18,0,322
2019-11-19,2019,11,19,0,323
2019-11-20,2019,11,20,0,324
2019-11-21,2019,11,21,1.9,325
2019-11-22,2019,11,22,1.1,326
2019-11-23,2019,11,23,0,327
2019-11-24,2019,11,24,0,328
2019-11-25,2019,11,25,0,329
2019-11-26,2019,11,26,0,330
2019-11-27,2019,11,27,15.8,331
2019-11-28,2019,11,28,0.6,332
2019-11-29,2019,11,29,0,333
2019-11-30,2019,11,30,0,334
2019-12-01,2019,12,01,0,335
2019-12-02,2019,12,02,0,336
2019-12-03,2019,12,03,0,337
2019-12-04,2019,12,04,1.8,338
2019-12-05,2019,12,05,0.4,339
2019-12-06,2019,12,06,0.8,340
2019-12-07,2019,12,07,0,341
2019-12-08,2019,12,08,0,342
2019-12-09,2019,12,09,6.1,343
2019-12-10,2019,12,10,0.8,344
2019-12-11,2019,12,11,0,345
2019-12-12,2019,12,12,0,346
2019-12-13,2019,12,13,0,347
2019-12-14,2019,12,14,16.7,348
2019-12-15,2019,12,15,0.2,349
2019-12-16,2019,12,16,0,350
2019-12-17,2019,12,17,1.1,351
2019-12-18,2019,12,18,0.4,352
2019-12-19,2019,12,19,0,353
2019-12-20,2019,12,20,0,354
2019-12-21,2019,12,21,0,355
2019-12-22,2019,12,22,0,356
2019-12-23,2019,12,23,0,357
2019-12-24,2019,12,24,0,358
2019-12-25,2019,12,25,0,359
2019-12-26,2019,12,26,0,360
2019-12-27,2019,12,27,0.9,361
2019-12-28,2019,12,28,0,362
2019-12-29,2019,12,29,0.8,363
2019-12-30,2019,12,30,12.7,364
2019-12-31,2019,12,31,6.6,365
2020-01-01,2020,01,01,0,1
2020-01-02,2020,01,02,0,2
2020-01-03,2020,01,03,0,3
2020-01-04,2020,01,04,1.3,4
2020-01-05,2020,01,05,0,5
2020-01-06,2020,01,06,3.4,6
2020-01-07,2020,01,07,0,7
2020-01-08,2020,01,08,0,8
2020-01-09,2020,01,09,0,9
2020-01-10,2020,01,10,0,10
2020-01-11,2020,01,11,43.1,11
2020-01-12,2020,01,12,12,12
2020-01-13,2020,01,13,1,13
2020-01-14,2020,01,14,0,14
2020-01-15,2020,01,15,0.2,15
2020-01-16,2020,01,16,4.6,16
2020-01-17,2020,01,17,0,17
2020-01-18,2020,01,18,10.3,18
2020-01-19,2020,01,19,4.6,19
2020-01-20,2020,01,20,0,20
2020-01-21,2020,01,21,0,21
2020-01-22,2020,01,22,0,22
2020-01-23,2020,01,23,0,23
2020-01-24,2020,01,24,0,24
2020-01-25,2020,01,25,13.6,25
2020-01-26,2020,01,26,4.8,26
2020-01-27,2020,01,27,0.2,27
2020-01-28,2020,01,28,0.6,28
2020-01-29,2020,01,29,0,29
2020-01-30,2020,01,30,0,30
2020-01-31,2020,01,31,0.6,31
2020-02-01,2020,02,01,0,32
2020-02-02,2020,02,02,1.8,33
2020-02-03,2020,02,03,0,34
2020-02-04,2020,02,04,0,35
2020-02-05,2020,02,05,0,36
2020-02-06,2020,02,06,6.2,37
2020-02-07,2020,02,07,12.8,38
2020-02-08,2020,02,08,0,39
2020-02-09,2020,02,09,2,40
2020-02-10,2020,02,10,2.6,41
2020-02-11,2020,02,11,0,42
2020-02-12,2020,02,12,0,43
2020-02-13,2020,02,13,2,44
2020-02-14,2020,02,14,0,45
2020-02-15,2020,02,15,0,46
2020-02-16,2020,02,16,0,47
2020-02-17,2020,02,17,0,48
2020-02-18,2020,02,18,2,49
2020-02-19,2020,02,19,0,50
2020-02-20,2020,02,20,0,51
2020-02-21,2020,02,21,0,52
2020-02-22,2020,02,22,0,53
2020-02-23,2020,02,23,0,54
2020-02-24,2020,02,24,0,55
2020-02-25,2020,02,25,0,56
2020-02-26,2020,02,26,3.8,57
2020-02-27,2020,02,27,16.8,58
2020-02-28,2020,02,28,0.4,59
2020-02-29,2020,02,29,0,60
2020-03-01,2020,03,01,1.8,61
2020-03-02,2020,03,02,4.8,62
2020-03-03,2020,03,03,8.4,63
2020-03-04,2020,03,04,0,64
2020-03-05,2020,03,05,0,65
2020-03-06,2020,03,06,3.8,66
2020-03-07,2020,03,07,0,67
2020-03-08,2020,03,08,0,68
2020-03-09,2020,03,09,2.6,69
2020-03-10,2020,03,10,3.9,70
2020-03-11,2020,03,11,0,71
2020-03-12,2020,03,12,0,72
2020-03-13,2020,03,13,8.3,73
2020-03-14,2020,03,14,0,74
2020-03-15,2020,03,15,0,75
2020-03-16,2020,03,16,0,76
2020-03-17,2020,03,17,6.6,77
2020-03-18,2020,03,18,0,78
2020-03-19,2020,03,19,0.3,79
2020-03-20,2020,03,20,3.7,80
2020-03-21,2020,03,21,0,81
2020-03-22,2020,03,22,0,82
2020-03-23,2020,03,23,4.8,83
2020-03-24,2020,03,24,0,84
2020-03-25,2020,03,25,0,85
2020-03-26,2020,03,26,3.7,86
2020-03-27,2020,03,27,0,87
2020-03-28,2020,03,28,0,88
2020-03-29,2020,03,29,18.7,89
2020-03-30,2020,03,30,6.9,90
2020-03-31,2020,03,31,0.4,91
2020-04-01,2020,04,01,0,92
2020-04-02,2020,04,02,0,93
2020-04-03,2020,04,03,1.5,94
2020-04-04,2020,04,04,0,95
2020-04-05,2020,04,05,0.8,96
2020-04-06,2020,04,06,0,97
2020-04-07,2020,04,07,0,98
2020-04-08,2020,04,08,0,99
2020-04-09,2020,04,09,11.6,100
2020-04-10,2020,04,10,0.7,101
2020-04-11,2020,04,11,0,102
2020-04-12,2020,04,12,0,103
2020-04-13,2020,04,13,19.8,104
2020-04-14,2020,04,14,1,105
2020-04-15,2020,04,15,0,106
2020-04-16,2020,04,16,0,107
2020-04-17,2020,04,17,0,108
2020-04-18,2020,04,18,0,109
2020-04-19,2020,04,19,6.4,110
2020-04-20,2020,04,20,0,111
2020-04-21,2020,04,21,4.7,112
2020-04-22,2020,04,22,0.4,113
2020-04-23,2020,04,23,0,114
2020-04-24,2020,04,24,0,115
2020-04-25,2020,04,25,0,116
2020-04-26,2020,04,26,0,117
2020-04-27,2020,04,27,0,118
2020-04-28,2020,04,28,0,119
2020-04-29,2020,04,29,0,120
2020-04-30,2020,04,30,21.6,121
2020-05-01,2020,05,01,2.3,122
2020-05-02,2020,05,02,1.3,123
2020-05-03,2020,05,03,0.3,124
2020-05-04,2020,05,04,0,125
2020-05-05,2020,05,05,0,126
2020-05-06,2020,05,06,0,127
2020-05-07,2020,05,07,0,128
2020-05-08,2020,05,08,0,129
2020-05-09,2020,05,09,0,130
2020-05-10,2020,05,10,0,131
2020-05-11,2020,05,11,0,132
2020-05-12,2020,05,12,0,133
2020-05-13,2020,05,13,0,134
2020-05-14,2020,05,14,0.2,135
2020-05-15,2020,05,15,24,136
2020-05-16,2020,05,16,0,137
2020-05-17,2020,05,17,0,138
2020-05-18,2020,05,18,0,139
2020-05-19,2020,05,19,0,140
2020-05-20,2020,05,20,0,141
2020-05-21,2020,05,21,0,142
2020-05-22,2020,05,22,0,143
2020-05-23,2020,05,23,0,144
2020-05-24,2020,05,24,0,145
2020-05-25,2020,05,25,1.5,146
2020-05-26,2020,05,26,0,147
2020-05-27,2020,05,27,0,148
2020-05-28,2020,05,28,0.2,149
2020-05-29,2020,05,29,8.1,150
2020-05-30,2020,05,30,6.3,151
2020-05-31,2020,05,31,0,152
2020-06-01,2020,06,01,0,153
2020-06-02,2020,06,02,0.8,154
2020-06-03,2020,06,03,0,155
2020-06-04,2020,06,04,0,156
2020-06-05,2020,06,05,52.1,157
2020-06-06,2020,06,06,0.6,158
2020-06-07,2020,06,07,0,159
2020-06-08,2020,06,08,0,160
2020-06-09,2020,06,09,0.7,161
2020-06-10,2020,06,10,1.5,162
2020-06-11,2020,06,11,3.7,163
2020-06-12,2020,06,12,0.5,164
2020-06-13,2020,06,13,0.6,165
2020-06-14,2020,06,14,0,166
2020-06-15,2020,06,15,0,167
2020-06-16,2020,06,16,0,168
2020-06-17,2020,06,17,0,169
2020-06-18,2020,06,18,0,170
2020-06-19,2020,06,19,0,171
2020-06-20,2020,06,20,0,172
2020-06-21,2020,06,21,0,173
2020-06-22,2020,06,22,0.7,174
2020-06-23,2020,06,23,6.1,175
2020-06-24,2020,06,24,0.2,176
2020-06-25,2020,06,25,0,177
2020-06-26,2020,06,26,0,178
2020-06-27,2020,06,27,0.9,179
2020-06-28,2020,06,28,13.5,180
2020-06-29,2020,06,29,6.8,181
2020-06-30,2020,06,30,0,182
2020-07-01,2020,07,01,0,183
2020-07-02,2020,07,02,0.5,184
2020-07-03,2020,07,03,0,185
2020-07-04,2020,07,04,0,186
2020-07-05,2020,07,05,0.3,187
2020-07-06,2020,07,06,0,188
2020-07-07,2020,07,07,0,189
2020-07-08,2020,07,08,0,190
2020-07-09,2020,07,09,0,191
2020-07-10,2020,07,10,0,192
2020-07-11,2020,07,11,5.6,193
2020-07-12,2020,07,12,0.4,194
2020-07-13,2020,07,13,0,195
2020-07-14,2020,07,14,0,196
2020-07-15,2020,07,15,0,197
2020-07-16,2020,07,16,0,198
2020-07-17,2020,07,17,2.5,199
2020-07-18,2020,07,18,0,200
2020-07-19,2020,07,19,14.8,201
2020-07-20,2020,07,20,0,202
2020-07-21,2020,07,21,0,203
2020-07-22,2020,07,22,2.7,204
2020-07-23,2020,07,23,0,205
2020-07-24,2020,07,24,0,206
2020-07-25,2020,07,25,0,207
2020-07-26,2020,07,26,0,208
2020-07-27,2020,07,27,6.3,209
2020-07-28,2020,07,28,0,210
2020-07-29,2020,07,29,20.2,211
2020-07-30,2020,07,30,0.7,212
2020-07-31,2020,07,31,0,213
2020-08-01,2020,08,01,0,214
2020-08-02,2020,08,02,22.2,215
2020-08-03,2020,08,03,2.5,216
2020-08-04,2020,08,04,16.5,217
2020-08-05,2020,08,05,1.4,218
2020-08-06,2020,08,06,0,219
2020-08-07,2020,08,07,0,220
2020-08-08,2020,08,08,0,221
2020-08-09,2020,08,09,0.8,222
2020-08-10,2020,08,10,0,223
2020-08-11,2020,08,11,0.9,224
2020-08-12,2020,08,12,0,225
2020-08-13,2020,08,13,0,226
2020-08-14,2020,08,14,0,227
2020-08-15,2020,08,15,0,228
2020-08-16,2020,08,16,19,229
2020-08-17,2020,08,17,8,230
2020-08-18,2020,08,18,0,231
2020-08-19,2020,08,19,0,232
2020-08-20,2020,08,20,1.6,233
2020-08-21,2020,08,21,0.2,234
2020-08-22,2020,08,22,0,235
2020-08-23,2020,08,23,8.2,236
2020-08-24,2020,08,24,16.4,237
2020-08-25,2020,08,25,0,238
2020-08-26,2020,08,26,0,239
2020-08-27,2020,08,27,4.7,240
2020-08-28,2020,08,28,0,241
2020-08-29,2020,08,29,32.6,242
2020-08-30,2020,08,30,0,243
2020-08-31,2020,08,31,0,244
2020-09-01,2020,09,01,0,245
2020-09-02,2020,09,02,9.8,246
2020-09-03,2020,09,03,1.2,247
2020-09-04,2020,09,04,0.2,248
2020-09-05,2020,09,05,0.9,249
2020-09-06,2020,09,06,0,250
2020-09-07,2020,09,07,4.5,251
2020-09-08,2020,09,08,0.5,252
2020-09-09,2020,09,09,3,253
2020-09-10,2020,09,10,0,254
2020-09-11,2020,09,11,0,255
2020-09-12,2020,09,12,0,256
2020-09-13,2020,09,13,7.1,257
2020-09-14,2020,09,14,0,258
2020-09-15,2020,09,15,0,259
2020-09-16,2020,09,16,NA,260
2020-09-17,2020,09,17,0,261
2020-09-18,2020,09,18,0,262
2020-09-19,2020,09,19,0,263
2020-09-20,2020,09,20,0,264
2020-09-21,2020,09,21,0,265
2020-09-22,2020,09,22,0.6,266
2020-09-23,2020,09,23,0,267
2020-09-24,2020,09,24,1.9,268
2020-09-25,2020,09,25,0,269
2020-09-26,2020,09,26,0,270
2020-09-27,2020,09,27,0,271
2020-09-28,2020,09,28,0,272
2020-09-29,2020,09,29,9.5,273
2020-09-30,2020,09,30,12.8,274
2020-10-01,2020,10,01,0,275
2020-10-02,2020,10,02,7.2,276
2020-10-03,2020,10,03,0,277
2020-10-04,2020,10,04,2.8,278
2020-10-05,2020,10,05,2.8,279
2020-10-06,2020,10,06,0,280
2020-10-07,2020,10,07,6,281
2020-10-08,2020,10,08,0,282
2020-10-09,2020,10,09,0,283
2020-10-10,2020,10,10,0.5,284
2020-10-11,2020,10,11,0,285
2020-10-12,2020,10,12,0,286
2020-10-13,2020,10,13,12.6,287
2020-10-14,2020,10,14,0,288
2020-10-15,2020,10,15,14.2,289
2020-10-16,2020,10,16,6.2,290
2020-10-17,2020,10,17,0,291
2020-10-18,2020,10,18,0,292
2020-10-19,2020,10,19,10.7,293
2020-10-20,2020,10,20,4.9,294
2020-10-21,2020,10,21,11.7,295
2020-10-22,2020,10,22,0,296
2020-10-23,2020,10,23,0,297
2020-10-24,2020,10,24,2.2,298
2020-10-25,2020,10,25,0,299
2020-10-26,2020,10,26,7.2,300
2020-10-27,2020,10,27,0,301
2020-10-28,2020,10,28,0.4,302
2020-10-29,2020,10,29,0,303
2020-10-30,2020,10,30,0,304
2020-10-31,2020,10,31,0,305
2020-11-01,2020,11,01,2.2,306
2020-11-02,2020,11,02,2.4,307
2020-11-03,2020,11,03,0,308
2020-11-04,2020,11,04,0,309
2020-11-05,2020,11,05,0,310
2020-11-06,2020,11,06,0,311
2020-11-07,2020,11,07,0,312
2020-11-08,2020,11,08,0,313
2020-11-09,2020,11,09,0,314
2020-11-10,2020,11,10,0,315
2020-11-11,2020,11,11,0.6,316
2020-11-12,2020,11,12,0,317
2020-11-13,2020,11,13,0,318
2020-11-14,2020,11,14,0,319
2020-11-15,2020,11,15,2.7,320
2020-11-16,2020,11,16,0,321
2020-11-17,2020,11,17,0,322
2020-11-18,2020,11,18,0,323
2020-11-19,2020,11,19,0,324
2020-11-20,2020,11,20,0,325
2020-11-21,2020,11,21,0,326
2020-11-22,2020,11,22,12.2,327
2020-11-23,2020,11,23,5.2,328
2020-11-24,2020,11,24,0,329
2020-11-25,2020,11,25,7.5,330
2020-11-26,2020,11,26,1.8,331
2020-11-27,2020,11,27,0,332
2020-11-28,2020,11,28,0,333
2020-11-29,2020,11,29,0,334
2020-11-30,2020,11,30,12.3,335
2020-12-01,2020,12,01,6.1,336
2020-12-02,2020,12,02,2,337
2020-12-03,2020,12,03,0,338
2020-12-04,2020,12,04,4.3,339
2020-12-05,2020,12,05,0,340
2020-12-06,2020,12,06,0,341
2020-12-07,2020,12,07,0,342
2020-12-08,2020,12,08,0,343
2020-12-09,2020,12,09,2.1,344
2020-12-10,2020,12,10,0,345
2020-12-11,2020,12,11,0,346
2020-12-12,2020,12,12,3,347
2020-12-13,2020,12,13,0,348
2020-12-14,2020,12,14,0.4,349
2020-12-15,2020,12,15,0,350
2020-12-16,2020,12,16,0,351
2020-12-17,2020,12,17,0,352
2020-12-18,2020,12,18,0,353
2020-12-19,2020,12,19,0,354
2020-12-20,2020,12,20,1.8,355
2020-12-21,2020,12,21,0.8,356
2020-12-22,2020,12,22,0.2,357
2020-12-23,2020,12,23,0.4,358
2020-12-24,2020,12,24,25.7,359
2020-12-25,2020,12,25,25.4,360
2020-12-26,2020,12,26,0.4,361
2020-12-27,2020,12,27,0,362
2020-12-28,2020,12,28,1.4,363
2020-12-29,2020,12,29,0,364
2020-12-30,2020,12,30,4.5,365
2020-12-31,2020,12,31,0,366
